id,y,z,latitude,longitude,fold1,fold2,fold3,fold4,fold5,fold6,fold7,fold8,fold9,fold10
1,-0.111466301,1.334912585,1.75,1.75,1,2,2,2,2,1,2,2,2,2
2,-0.067598097,-0.869271764,1.75,5.25,1,2,2,2,2,1,2,2,2,2
3,-0.131008799,0.055486955,1.75,8.75,1,2,2,2,2,1,2,2,2,2
4,-0.054520535,0.049066913,1.75,12.25,1,2,2,2,2,1,2,2,2,2
5,-0.136375314,-0.578355728,1.75,15.75,1,0,2,2,2,1,2,2,2,2
6,-0.058112532,-0.998738656,1.75,19.25,1,0,2,2,2,1,2,2,2,2
7,-0.120234406,-0.00243278,1.75,22.75,0,1,2,2,2,1,2,2,2,2
8,-0.085219019,0.655511883,1.75,26.25,0,1,2,2,2,1,2,2,2,2
9,-0.088057041,1.476842279,1.75,29.75,2,1,2,2,2,1,2,2,2,2
10,-0.110773148,-1.909152788,1.75,33.25,2,1,2,2,2,1,2,2,2,2
11,-0.061560047,-0.702439473,1.75,36.75,2,1,0,2,2,1,2,2,2,2
12,-0.129547306,-0.311430218,1.75,40.25,2,1,0,2,2,1,2,2,2,2
13,-0.049171306,-1.663157031,1.75,43.75,2,0,1,2,2,1,2,2,2,2
14,-0.137261539,-0.750533442,1.75,47.25,2,0,1,2,2,1,2,2,2,2
15,-0.061639397,-0.777351759,1.75,50.75,2,2,1,2,2,1,2,2,2,2
16,-0.117502791,-0.7225697,1.75,54.25,2,2,1,0,2,1,2,2,2,2
17,-0.085980522,-2.188834599,1.75,57.75,2,2,1,0,2,1,2,2,2,2
18,-0.085290045,0.21341855,1.75,61.25,2,2,0,1,2,1,2,2,2,2
19,-0.118042014,-0.631922936,1.75,64.75,2,2,0,1,2,1,2,2,2,2
20,-0.05867652,1.520491194,1.75,68.25,2,2,2,1,2,1,2,2,2,2
21,-0.1348333,0.795955949,1.75,71.75,2,2,2,1,2,1,2,2,2,2
22,-0.052608567,-1.453529565,1.75,75.25,2,2,2,1,0,1,2,2,2,2
23,-0.129909394,0.098395421,1.75,78.75,2,2,2,1,0,1,2,2,2,2
24,-0.063060181,-0.593770984,1.75,82.25,2,2,2,0,1,1,2,2,2,2
25,-0.1139479,0.888281169,1.75,85.75,2,2,2,0,1,1,2,2,2,2
26,-0.088736843,0.053070415,1.75,89.25,2,2,2,2,1,1,2,2,2,2
27,-0.086049003,-0.557023626,1.75,92.75,2,2,2,2,1,1,2,2,2,2
28,-0.115535094,0.438397036,1.75,96.25,2,2,2,2,1,1,2,2,2,2
29,-0.059298365,0.152608159,1.75,99.75,2,2,2,2,1,1,2,2,2,2
30,0.00163324,-0.164617582,5.25,1.75,1,2,2,2,2,1,2,2,2,2
31,-0.190403865,2.019890621,5.25,5.25,1,2,2,2,2,1,2,2,2,2
32,0.035049819,-0.529385886,5.25,8.75,1,2,2,2,2,1,2,2,2,2
33,-0.218937849,-0.470786973,5.25,12.25,1,2,2,2,2,1,2,2,2,2
34,0.015048275,-1.545936924,5.25,15.75,1,0,2,2,2,1,2,2,2,2
35,-0.163896795,-0.040526723,5.25,19.25,1,0,2,2,2,1,2,2,2,2
36,-0.051028969,0.890356305,5.25,22.75,0,1,2,2,2,1,2,2,2,2
37,-0.073180809,-2.071387851,5.25,26.25,0,1,2,2,2,1,2,2,2,2
38,-0.146944683,-0.25006512,5.25,29.75,2,1,2,2,2,1,2,2,2,2
39,0.012527392,-1.181650427,5.25,33.25,2,1,2,2,2,1,2,2,2,2
40,-0.212091601,1.441937265,5.25,36.75,2,1,0,2,2,1,2,2,2,2
41,0.034050288,1.357895539,5.25,40.25,2,1,0,2,2,1,2,2,2,2
42,-0.211368196,0.334502847,5.25,43.75,2,0,1,2,2,1,2,2,2,2
43,0.020512119,1.42933808,5.25,47.25,2,0,1,2,2,1,2,2,2,2
44,-0.150888618,-0.867317851,5.25,50.75,2,2,1,2,2,1,2,2,2,2
45,-0.066750696,0.950651725,5.25,54.25,2,2,1,0,2,1,2,2,2,2
46,-0.065080377,-0.585011509,5.25,57.75,2,2,1,0,2,1,2,2,2,2
47,-0.157520173,0.320957523,5.25,61.25,2,2,0,1,2,1,2,2,2,2
48,0.009345201,-0.299396017,5.25,64.75,2,2,0,1,2,1,2,2,2,2
49,-0.213910698,-0.278543083,5.25,68.25,2,2,2,1,2,1,2,2,2,2
50,0.029955725,0.546115158,5.25,71.75,2,2,2,1,2,1,2,2,2,2
51,-0.205556755,-1.303821154,5.25,75.25,2,2,2,1,0,1,2,2,2,2
52,0.006021437,-0.250914465,5.25,78.75,2,2,2,1,0,1,2,2,2,2
53,-0.1440345,0.171007374,5.25,82.25,2,2,2,0,1,1,2,2,2,2
54,-0.071810772,-0.403467479,5.25,85.75,2,2,2,0,1,1,2,2,2,2
55,-0.058332253,0.104659441,5.25,89.25,2,2,2,2,1,1,2,2,2,2
56,-0.15019997,-0.318880787,5.25,92.75,2,2,2,2,1,1,2,2,2,2
57,0.023524105,1.618343936,5.25,96.25,2,2,2,2,1,1,2,2,2,2
58,-0.219299131,0.714188601,5.25,99.75,2,2,2,2,1,1,2,2,2,2
59,-0.262768186,2.96586537,8.75,1.75,1,2,2,2,2,1,2,2,2,2
60,0.115996286,-0.795077605,8.75,5.25,1,2,2,2,2,1,2,2,2,2
61,-0.286926684,0.814365915,8.75,8.75,1,2,2,2,2,1,2,2,2,2
62,0.099373338,2.09803081,8.75,12.25,1,2,2,2,2,1,2,2,2,2
63,-0.212238812,0.300980055,8.75,15.75,1,0,2,2,2,1,2,2,2,2
64,-0.036493358,-1.083075142,8.75,19.25,1,0,2,2,2,1,2,2,2,2
65,-0.076087165,-1.006322502,8.75,22.75,0,1,2,2,2,1,2,2,2,2
66,-0.155239004,-0.035414565,8.75,26.25,0,1,2,2,2,1,2,2,2,2
67,0.054726508,1.309124361,8.75,29.75,2,1,2,2,2,1,2,2,2,2
68,-0.260140349,0.750400487,8.75,33.25,2,1,2,2,2,1,2,2,2,2
69,0.132046138,-2.138368328,8.75,36.75,2,1,0,2,2,1,2,2,2,2
70,-0.275647633,-0.700354109,8.75,40.25,2,1,0,2,2,1,2,2,2,2
71,0.085081602,-0.009056475,8.75,43.75,2,0,1,2,2,1,2,2,2,2
72,-0.198580737,-1.458133487,8.75,47.25,2,0,1,2,2,1,2,2,2,2
73,-0.027264765,0.694529646,8.75,50.75,2,2,1,2,2,1,2,2,2,2
74,-0.043199412,-2.461335475,8.75,54.25,2,2,1,0,2,1,2,2,2,2
75,-0.182558337,0.143289764,8.75,57.75,2,2,1,0,2,1,2,2,2,2
76,0.083183032,-0.391222119,8.75,61.25,2,2,0,1,2,1,2,2,2,2
77,-0.27019162,-0.491164086,8.75,64.75,2,2,0,1,2,1,2,2,2,2
78,0.137923713,-0.283647452,8.75,68.25,2,2,2,1,2,1,2,2,2,2
79,-0.274318378,0.314794805,8.75,71.75,2,2,2,1,2,1,2,2,2,2
80,0.066947131,0.396326578,8.75,75.25,2,2,2,1,0,1,2,2,2,2
81,-0.184483133,-0.225603711,8.75,78.75,2,2,2,1,0,1,2,2,2,2
82,-0.060099144,-1.92495043,8.75,82.25,2,2,2,0,1,1,2,2,2,2
83,-0.024598838,-1.439229298,8.75,85.75,2,2,2,0,1,1,2,2,2,2
84,-0.196095953,-1.469657774,8.75,89.25,2,2,2,2,1,1,2,2,2,2
85,0.096786763,0.761863447,8.75,92.75,2,2,2,2,1,1,2,2,2,2
86,-0.277166786,-0.243614982,8.75,96.25,2,2,2,2,1,1,2,2,2,2
87,0.118585971,0.269676607,8.75,99.75,2,2,2,2,1,1,2,2,2,2
88,0.212118119,-1.558927521,12.25,1.75,1,2,2,2,2,1,2,2,2,2
89,-0.361333296,-0.535588007,12.25,5.25,1,2,2,2,2,1,2,2,2,2
90,0.163575999,0.562451973,12.25,8.75,1,2,2,2,2,1,2,2,2,2
91,-0.225884728,-0.178326123,12.25,12.25,1,2,2,2,2,1,2,2,2,2
92,0.020626871,-0.115135986,12.25,15.75,1,0,2,2,2,1,2,2,2,2
93,-0.066157969,-0.072061472,12.25,19.25,1,0,2,2,2,1,2,2,2,2
94,-0.201304611,1.210909807,12.25,22.75,0,1,2,2,2,1,2,2,2,2
95,0.156758014,-0.614896901,12.25,26.25,0,1,2,2,2,1,2,2,2,2
96,-0.359397602,0.676126458,12.25,29.75,2,1,2,2,2,1,2,2,2,2
97,0.215401435,0.898599606,12.25,33.25,2,1,2,2,2,1,2,2,2,2
98,-0.373620393,-1.189317904,12.25,36.75,2,1,0,2,2,1,2,2,2,2
99,0.177260893,0.12125885,12.25,40.25,2,1,0,2,2,1,2,2,2,2
100,-0.21284694,-0.011221686,12.25,43.75,2,0,1,2,2,1,2,2,2,2
101,-0.031967896,1.029140719,12.25,47.25,2,0,1,2,2,1,2,2,2,2
102,-0.018711226,0.914774868,12.25,50.75,2,2,1,2,2,1,2,2,2,2
103,-0.222705015,-0.002456267,12.25,54.25,2,2,1,0,2,1,2,2,2,2
104,0.159628084,0.136009552,12.25,57.75,2,2,1,0,2,1,2,2,2,2
105,-0.346795499,-0.720153545,12.25,61.25,2,2,0,1,2,1,2,2,2,2
106,0.237668926,-0.19812433,12.25,64.75,2,2,0,1,2,1,2,2,2,2
107,-0.347893332,-1.029208806,12.25,68.25,2,2,2,1,2,1,2,2,2,2
108,0.160295964,-0.966955896,12.25,71.75,2,2,2,1,2,1,2,2,2,2
109,-0.194514182,-1.220813089,12.25,75.25,2,2,2,1,0,1,2,2,2,2
110,-0.030671781,0.836207704,12.25,78.75,2,2,2,1,0,1,2,2,2,2
111,-0.003433567,1.114971798,12.25,82.25,2,2,2,0,1,1,2,2,2,2
112,-0.263651931,-0.412944853,12.25,85.75,2,2,2,0,1,1,2,2,2,2
113,0.186160713,-1.128977398,12.25,89.25,2,2,2,2,1,1,2,2,2,2
114,-0.366387952,-0.087931332,12.25,92.75,2,2,2,2,1,1,2,2,2,2
115,0.221359233,2.241903693,12.25,96.25,2,2,2,2,1,1,2,2,2,2
116,-0.356745778,2.041313171,12.25,99.75,2,2,2,2,1,1,2,2,2,2
117,-0.421099356,-1.719800337,15.75,1.75,1,2,2,2,2,1,0,2,2,2
118,0.271232351,-0.356906656,15.75,5.25,1,2,2,2,2,1,0,2,2,2
119,-0.313134512,1.533280492,15.75,8.75,1,2,2,2,2,1,0,2,2,2
120,0.020053967,-0.038244097,15.75,12.25,1,2,2,2,2,1,0,2,2,2
121,-0.050011552,1.597413242,15.75,15.75,1,0,2,2,2,1,0,2,2,2
122,-0.258066511,-0.333585393,15.75,19.25,1,0,2,2,2,1,0,2,2,2
123,0.225764715,0.604985924,15.75,22.75,0,1,2,2,2,1,0,2,2,2
124,-0.418610607,0.224241239,15.75,26.25,0,1,2,2,2,1,0,2,2,2
125,0.32162006,3.229069495,15.75,29.75,2,1,2,2,2,1,0,2,2,2
126,-0.438100386,0.920452567,15.75,33.25,2,1,2,2,2,1,0,2,2,2
127,0.227457232,-1.206539069,15.75,36.75,2,1,0,2,2,1,0,2,2,2
128,-0.246433322,-0.603881169,15.75,40.25,2,1,0,2,2,1,0,2,2,2
129,0.001768777,0.370235285,15.75,43.75,2,0,1,2,2,1,0,2,2,2
130,-0.013676924,-1.901000647,15.75,47.25,2,0,1,2,2,1,0,2,2,2
131,-0.241057995,-1.804409945,15.75,50.75,2,2,1,2,2,1,0,2,2,2
132,0.253521464,-1.121822606,15.75,54.25,2,2,1,0,2,1,0,2,2,2
133,-0.430084562,-0.347929607,15.75,57.75,2,2,1,0,2,1,0,2,2,2
134,0.321369699,1.238902149,15.75,61.25,2,2,0,1,2,1,0,2,2,2
135,-0.415251066,-0.274197565,15.75,64.75,2,2,0,1,2,1,0,2,2,2
136,0.188196853,0.162380716,15.75,68.25,2,2,2,1,2,1,0,2,2,2
137,-0.263174289,-0.06460691,15.75,71.75,2,2,2,1,2,1,0,2,2,2
138,-0.054324773,-0.705237097,15.75,75.25,2,2,2,1,0,1,0,2,2,2
139,0.054700767,1.362197269,15.75,78.75,2,2,2,1,0,1,0,2,2,2
140,-0.293102364,-1.096513188,15.75,82.25,2,2,2,0,1,1,0,2,2,2
141,0.261161519,-0.228433519,15.75,85.75,2,2,2,0,1,1,0,2,2,2
142,-0.450461526,-0.347828081,15.75,89.25,2,2,2,2,1,1,0,2,2,2
143,0.325670086,0.53212862,15.75,92.75,2,2,2,2,1,1,0,2,2,2
144,-0.412192786,1.607234562,15.75,96.25,2,2,2,2,1,1,0,2,2,2
145,0.159613462,0.513814526,15.75,99.75,2,2,2,2,1,1,0,2,2,2
146,0.336237234,1.382373161,19.25,1.75,1,2,2,2,2,1,0,2,2,2
147,-0.334602092,0.763097049,19.25,5.25,1,2,2,2,2,1,0,2,2,2
148,0.047625686,-0.624584545,19.25,8.75,1,2,2,2,2,1,0,2,2,2
149,-0.032862358,0.0815438,19.25,12.25,1,2,2,2,2,1,0,2,2,2
150,-0.289357863,1.376079111,19.25,15.75,1,0,2,2,2,1,0,2,2,2
151,0.24169106,-1.561265786,19.25,19.25,1,0,2,2,2,1,0,2,2,2
152,-0.451751397,0.324770661,19.25,22.75,0,1,2,2,2,1,0,2,2,2
153,0.419883317,-0.156790317,19.25,26.25,0,1,2,2,2,1,0,2,2,2
154,-0.468218536,0.877783861,19.25,29.75,2,1,2,2,2,1,0,2,2,2
155,0.332004112,0.750166575,19.25,33.25,2,1,2,2,2,1,0,2,2,2
156,-0.266315078,0.301053404,19.25,36.75,2,1,0,2,2,1,0,2,2,2
157,0.012040457,1.492811117,19.25,40.25,2,1,0,2,2,1,0,2,2,2
158,0.037284588,-1.5254938,19.25,43.75,2,0,1,2,2,1,0,2,2,2
159,-0.299455223,0.910717558,19.25,47.25,2,0,1,2,2,1,0,2,2,2
160,0.288117269,-1.579532028,19.25,50.75,2,2,1,2,2,1,0,2,2,2
161,-0.465039749,0.587716257,19.25,54.25,2,2,1,0,2,1,0,2,2,2
162,0.401928436,0.089642296,19.25,57.75,2,2,1,0,2,1,0,2,2,2
163,-0.520446937,0.967261657,19.25,61.25,2,2,0,1,2,1,0,2,2,2
164,0.251662917,0.078812353,19.25,64.75,2,2,0,1,2,1,0,2,2,2
165,-0.247801642,-1.568699836,19.25,68.25,2,2,2,1,2,1,0,2,2,2
166,0.011135729,-2.007823184,19.25,71.75,2,2,2,1,2,1,0,2,2,2
167,0.045849564,0.540973524,19.25,75.25,2,2,2,1,0,1,0,2,2,2
168,-0.358652786,-0.073376598,19.25,78.75,2,2,2,1,0,1,0,2,2,2
169,0.317310108,-0.571018394,19.25,82.25,2,2,2,0,1,1,0,2,2,2
170,-0.537743989,-0.31106846,19.25,85.75,2,2,2,0,1,1,0,2,2,2
171,0.382181879,-0.671415067,19.25,89.25,2,2,2,2,1,1,0,2,2,2
172,-0.440230542,-0.157340452,19.25,92.75,2,2,2,2,1,1,0,2,2,2
173,0.277028015,-0.931305071,19.25,96.25,2,2,2,2,1,1,0,2,2,2
174,-0.196204828,-1.983009479,19.25,99.75,2,2,2,2,1,1,0,2,2,2
175,-0.408147251,-0.219599804,22.75,1.75,1,2,2,2,2,0,1,2,2,2
176,0.098328139,1.045275869,22.75,5.25,1,2,2,2,2,0,1,2,2,2
177,0.020587381,1.877329566,22.75,8.75,1,2,2,2,2,0,1,2,2,2
178,-0.247780717,0.002606196,22.75,12.25,1,2,2,2,2,0,1,2,2,2
179,0.373739039,-0.080669935,22.75,15.75,1,0,2,2,2,0,1,2,2,2
180,-0.58309753,0.962982281,22.75,19.25,1,0,2,2,2,0,1,2,2,2
181,0.45309974,0.053571017,22.75,22.75,0,1,2,2,2,0,1,2,2,2
182,-0.546068895,-0.434898409,22.75,26.25,0,1,2,2,2,0,1,2,2,2
183,0.344897129,-1.737297255,22.75,29.75,2,1,2,2,2,0,1,2,2,2
184,-0.348302188,-1.2636956,22.75,33.25,2,1,2,2,2,0,1,2,2,2
185,0.068439902,0.406308512,22.75,36.75,2,1,0,2,2,0,1,2,2,2
186,6.85E-05,-1.459653968,22.75,40.25,2,1,0,2,2,0,1,2,2,2
187,-0.356181156,1.04845737,22.75,43.75,2,0,1,2,2,0,1,2,2,2
188,0.35908047,-1.346430539,22.75,47.25,2,0,1,2,2,0,1,2,2,2
189,-0.592718429,-0.193570558,22.75,50.75,2,2,1,2,2,0,1,2,2,2
190,0.484893839,-0.002335957,22.75,54.25,2,2,1,0,2,0,1,2,2,2
191,-0.57389949,-0.012829734,22.75,57.75,2,2,1,0,2,0,1,2,2,2
192,0.315128981,0.151947322,22.75,61.25,2,2,0,1,2,0,1,2,2,2
193,-0.309910269,0.598511131,22.75,64.75,2,2,0,1,2,0,1,2,2,2
194,0.012619027,-0.126212437,22.75,68.25,2,2,2,1,2,0,1,2,2,2
195,0.104919824,-0.248535566,22.75,71.75,2,2,2,1,2,0,1,2,2,2
196,-0.363568596,0.160327395,22.75,75.25,2,2,2,1,0,0,1,2,2,2
197,0.377068696,-0.433641942,22.75,78.75,2,2,2,1,0,0,1,2,2,2
198,-0.546542399,1.537412419,22.75,82.25,2,2,2,0,1,0,1,2,2,2
199,0.491974583,-2.170246577,22.75,85.75,2,2,2,0,1,0,1,2,2,2
200,-0.507777732,1.027004619,22.75,89.25,2,2,2,2,1,0,1,2,2,2
201,0.33728425,-0.248482933,22.75,92.75,2,2,2,2,1,0,1,2,2,2
202,-0.239372404,0.422320386,22.75,96.25,2,2,2,2,1,0,1,2,2,2
203,-0.079242716,0.987653294,22.75,99.75,2,2,2,2,1,0,1,2,2,2
204,0.149498554,0.835568172,26.25,1.75,1,2,2,2,2,0,1,2,2,2
205,-0.019421742,-0.660521859,26.25,5.25,1,2,2,2,2,0,1,2,2,2
206,-0.354146677,1.564069493,26.25,8.75,1,2,2,2,2,0,1,2,2,2
207,0.435191482,-1.622975935,26.25,12.25,1,2,2,2,2,0,1,2,2,2
208,-0.576595182,0.863896373,26.25,15.75,1,0,2,2,2,0,1,2,2,2
209,0.567875399,-0.511602773,26.25,19.25,1,0,2,2,2,0,1,2,2,2
210,-0.688297569,-1.917365025,26.25,22.75,0,1,2,2,2,0,1,2,2,2
211,0.400909578,-1.865813849,26.25,26.25,0,1,2,2,2,0,1,2,2,2
212,-0.38188857,0.245179063,26.25,29.75,2,1,2,2,2,0,1,2,2,2
213,0.04180937,2.223534302,26.25,33.25,2,1,2,2,2,0,1,2,2,2
214,0.015063757,0.273376064,26.25,36.75,2,1,0,2,2,0,1,2,2,2
215,-0.334824147,1.130784795,26.25,40.25,2,1,0,2,2,0,1,2,2,2
216,0.422288859,0.838669374,26.25,43.75,2,0,1,2,2,0,1,2,2,2
217,-0.6598962,-0.654615278,26.25,47.25,2,0,1,2,2,0,1,2,2,2
218,0.630633113,0.953960978,26.25,50.75,2,2,1,2,2,0,1,2,2,2
219,-0.645201482,0.352951465,26.25,54.25,2,2,1,0,2,0,1,2,2,2
220,0.433747807,0.206599293,26.25,57.75,2,2,1,0,2,0,1,2,2,2
221,-0.33458187,1.001113234,26.25,61.25,2,2,0,1,2,0,1,2,2,2
222,0.006481215,0.747451992,26.25,64.75,2,2,0,1,2,0,1,2,2,2
223,0.136046017,-0.626574837,26.25,68.25,2,2,2,1,2,0,1,2,2,2
224,-0.381453661,0.395223686,26.25,71.75,2,2,2,1,2,0,1,2,2,2
225,0.454075057,-0.892167954,26.25,75.25,2,2,2,1,0,0,1,2,2,2
226,-0.681824478,0.63081841,26.25,78.75,2,2,2,1,0,0,1,2,2,2
227,0.596686547,-0.432705183,26.25,82.25,2,2,2,0,1,0,1,2,2,2
228,-0.585954363,0.452138644,26.25,85.75,2,2,2,0,1,0,1,2,2,2
229,0.398142152,0.367999045,26.25,89.25,2,2,2,2,1,0,1,2,2,2
230,-0.287286461,-0.27038749,26.25,92.75,2,2,2,2,1,0,1,2,2,2
231,-0.067424223,0.465512618,26.25,96.25,2,2,2,2,1,0,1,2,2,2
232,0.122548131,0.574356226,26.25,99.75,2,2,2,2,1,0,1,2,2,2
233,0.017114484,-0.23069999,29.75,1.75,1,2,2,2,2,2,1,2,2,2
234,-0.298597497,1.172242508,29.75,5.25,1,2,2,2,2,2,1,2,2,2
235,0.44937968,1.392702707,29.75,8.75,1,2,2,2,2,2,1,2,2,2
236,-0.699584836,-0.661991256,29.75,12.25,1,2,2,2,2,2,1,2,2,2
237,0.690673279,-0.777369207,29.75,15.75,1,0,2,2,2,2,1,2,2,2
238,-0.730716456,0.513538579,29.75,19.25,1,0,2,2,2,2,1,2,2,2
239,0.4741698,-0.913312238,29.75,22.75,0,1,2,2,2,2,1,2,2,2
240,-0.4573242,-0.449423805,29.75,26.25,0,1,2,2,2,2,1,2,2,2
241,0.143333802,0.802932699,29.75,29.75,2,1,2,2,2,2,1,2,2,2
242,0.127796363,-0.573476851,29.75,33.25,2,1,2,2,2,2,1,2,2,2
243,-0.352842868,-1.928125168,29.75,36.75,2,1,0,2,2,2,1,2,2,2
244,0.472260585,0.664390834,29.75,40.25,2,1,0,2,2,2,1,2,2,2
245,-0.749669891,-1.602540224,29.75,43.75,2,0,1,2,2,2,1,2,2,2
246,0.691336856,-1.354600257,29.75,47.25,2,0,1,2,2,2,1,2,2,2
247,-0.728469952,-3.017932679,29.75,50.75,2,2,1,2,2,2,1,2,2,2
248,0.520478309,0.831237822,29.75,54.25,2,2,1,0,2,2,1,2,2,2
249,-0.395754572,0.251097089,29.75,57.75,2,2,1,0,2,2,1,2,2,2
250,0.085111528,0.462293466,29.75,61.25,2,2,0,1,2,2,1,2,2,2
251,0.131941295,0.844792223,29.75,64.75,2,2,0,1,2,2,1,2,2,2
252,-0.409099095,-0.041971524,29.75,68.25,2,2,2,1,2,2,1,2,2,2
253,0.526468641,-1.105575906,29.75,71.75,2,2,2,1,2,2,1,2,2,2
254,-0.690422333,0.563775652,29.75,75.25,2,2,2,1,0,2,1,2,2,2
255,0.674457223,1.303364756,29.75,78.75,2,2,2,1,0,2,1,2,2,2
256,-0.660186737,-1.500220938,29.75,82.25,2,2,2,0,1,2,1,2,2,2
257,0.388070259,-0.606989235,29.75,85.75,2,2,2,0,1,2,1,2,2,2
258,-0.316014041,-0.292245066,29.75,89.25,2,2,2,2,1,2,1,2,2,2
259,-0.017968148,-1.289683343,29.75,92.75,2,2,2,2,1,2,1,2,2,2
260,0.15528405,0.694105849,29.75,96.25,2,2,2,2,1,2,1,2,2,2
261,-0.496557424,-0.599181903,29.75,99.75,2,2,2,2,1,2,1,2,2,2
262,-0.366724209,1.256906644,33.25,1.75,1,2,2,2,2,2,1,2,2,2
263,0.484492501,0.053508014,33.25,5.25,1,2,2,2,2,2,1,2,2,2
264,-0.738675439,0.728092518,33.25,8.75,1,2,2,2,2,2,1,2,2,2
265,0.777036909,1.561098068,33.25,12.25,1,2,2,2,2,2,1,2,2,2
266,-0.838249029,0.265624754,33.25,15.75,1,0,2,2,2,2,1,2,2,2
267,0.597301489,1.076726259,33.25,19.25,1,0,2,2,2,2,1,2,2,2
268,-0.413295604,0.210697932,33.25,22.75,0,1,2,2,2,2,1,2,2,2
269,0.105605866,-1.511673526,33.25,26.25,0,1,2,2,2,2,1,2,2,2
270,0.076808829,0.02240226,33.25,29.75,2,1,2,2,2,2,1,2,2,2
271,-0.434972497,0.718136206,33.25,33.25,2,1,2,2,2,2,1,2,2,2
272,0.60278877,0.489457018,33.25,36.75,2,1,0,2,2,2,1,2,2,2
273,-0.770519342,-0.173888346,33.25,40.25,2,1,0,2,2,2,1,2,2,2
274,0.763806521,-1.217699489,33.25,43.75,2,0,1,2,2,2,1,2,2,2
275,-0.754446401,0.646398369,33.25,47.25,2,0,1,2,2,2,1,2,2,2
276,0.534741423,-0.916456028,33.25,50.75,2,2,1,2,2,2,1,2,2,2
277,-0.411802286,-1.251823442,33.25,54.25,2,2,1,0,2,2,1,2,2,2
278,-0.006462926,0.594927718,33.25,57.75,2,2,1,0,2,2,1,2,2,2
279,0.212270438,-1.232810665,33.25,61.25,2,2,0,1,2,2,1,2,2,2
280,-0.488955809,0.244364415,33.25,64.75,2,2,0,1,2,2,1,2,2,2
281,0.62272833,0.002772185,33.25,68.25,2,2,2,1,2,2,1,2,2,2
282,-0.854183292,-1.328209686,33.25,71.75,2,2,2,1,2,2,1,2,2,2
283,0.752562158,1.179696412,33.25,75.25,2,2,2,1,0,2,1,2,2,2
284,-0.778474468,-0.592804999,33.25,78.75,2,2,2,1,0,2,1,2,2,2
285,0.544258875,1.199978316,33.25,82.25,2,2,2,0,1,2,1,2,2,2
286,-0.292196081,-0.47503368,33.25,85.75,2,2,2,0,1,2,1,2,2,2
287,0.026942002,-0.575057096,33.25,89.25,2,2,2,2,1,2,1,2,2,2
288,0.286626422,-0.031226025,33.25,92.75,2,2,2,2,1,2,1,2,2,2
289,-0.576541876,-0.358056996,33.25,96.25,2,2,2,2,1,2,1,2,2,2
290,0.697719122,-0.356601078,33.25,99.75,2,2,2,2,1,2,1,2,2,2
291,0.559783274,-0.877664383,36.75,1.75,1,2,2,2,2,2,1,0,2,2
292,-0.863737499,-1.212897125,36.75,5.25,1,2,2,2,2,2,1,0,2,2
293,0.818542959,0.613286619,36.75,8.75,1,2,2,2,2,2,1,0,2,2
294,-0.854461998,-0.806203341,36.75,12.25,1,2,2,2,2,2,1,0,2,2
295,0.615676356,-1.37645693,36.75,15.75,1,0,2,2,2,2,1,0,2,2
296,-0.470413831,-0.507847899,36.75,19.25,1,0,2,2,2,2,1,0,2,2
297,0.076434964,-0.800935487,36.75,22.75,0,1,2,2,2,2,1,0,2,2
298,0.13866719,-2.192785686,36.75,26.25,0,1,2,2,2,2,1,0,2,2
299,-0.453659737,-0.290937149,36.75,29.75,2,1,2,2,2,2,1,0,2,2
300,0.654030681,0.167174121,36.75,33.25,2,1,2,2,2,2,1,0,2,2
301,-0.869451733,0.294692356,36.75,36.75,2,1,0,2,2,2,1,0,2,2
302,0.803919899,0.392741265,36.75,40.25,2,1,0,2,2,2,1,0,2,2
303,-0.809570249,-1.000843713,36.75,43.75,2,0,1,2,2,2,1,0,2,2
304,0.64901488,-0.32572712,36.75,47.25,2,0,1,2,2,2,1,0,2,2
305,-0.422435002,-1.008348805,36.75,50.75,2,2,1,2,2,2,1,0,2,2
306,0.035398878,-0.635431482,36.75,54.25,2,2,1,0,2,2,1,0,2,2
307,0.215385713,-1.209840688,36.75,57.75,2,2,1,0,2,2,1,0,2,2
308,-0.584923816,-1.116463801,36.75,61.25,2,2,0,1,2,2,1,0,2,2
309,0.674665253,0.629881163,36.75,64.75,2,2,0,1,2,2,1,0,2,2
310,-0.866457998,-0.27252157,36.75,68.25,2,2,2,1,2,2,1,0,2,2
311,0.804126915,-0.258841168,36.75,71.75,2,2,2,1,2,2,1,0,2,2
312,-0.819280925,1.72955818,36.75,75.25,2,2,2,1,0,2,1,0,2,2
313,0.606186406,-0.058392165,36.75,78.75,2,2,2,1,0,2,1,0,2,2
314,-0.377279756,-0.537063785,36.75,82.25,2,2,2,0,1,2,1,0,2,2
315,0.03020346,0.747286696,36.75,85.75,2,2,2,0,1,2,1,0,2,2
316,0.211931445,-0.487257835,36.75,89.25,2,2,2,2,1,2,1,0,2,2
317,-0.655055587,1.372907781,36.75,92.75,2,2,2,2,1,2,1,0,2,2
318,0.714029269,-0.377672361,36.75,96.25,2,2,2,2,1,2,1,0,2,2
319,-0.854608846,-0.616152614,36.75,99.75,2,2,2,2,1,2,1,0,2,2
320,-0.856767189,-1.168125051,40.25,1.75,1,2,2,2,2,2,1,0,2,2
321,0.87502382,0.328640359,40.25,5.25,1,2,2,2,2,2,1,0,2,2
322,-0.892736072,1.466510627,40.25,8.75,1,2,2,2,2,2,1,0,2,2
323,0.737404157,-0.356009545,40.25,12.25,1,2,2,2,2,2,1,0,2,2
324,-0.565905011,0.261467642,40.25,15.75,1,0,2,2,2,2,1,0,2,2
325,0.139118481,0.333328855,40.25,19.25,1,0,2,2,2,2,1,0,2,2
326,0.087345397,1.42219324,40.25,22.75,0,1,2,2,2,2,1,0,2,2
327,-0.513728261,0.663876601,40.25,26.25,0,1,2,2,2,2,1,0,2,2
328,0.664091863,-1.073655156,40.25,29.75,2,1,2,2,2,2,1,0,2,2
329,-0.87993915,-0.696901775,40.25,33.25,2,1,2,2,2,2,1,0,2,2
330,0.951263617,-0.746130457,40.25,36.75,2,1,0,2,2,2,1,0,2,2
331,-0.97272666,0.141572872,40.25,40.25,2,1,0,2,2,2,1,0,2,2
332,0.74624112,-0.003947221,40.25,43.75,2,0,1,2,2,2,1,0,2,2
333,-0.468766597,0.367937501,40.25,47.25,2,0,1,2,2,2,1,0,2,2
334,0.02498255,-0.657342915,40.25,50.75,2,2,1,2,2,2,1,0,2,2
335,0.295915411,-0.37634667,40.25,54.25,2,2,1,0,2,2,1,0,2,2
336,-0.509884834,0.74136006,40.25,57.75,2,2,1,0,2,2,1,0,2,2
337,0.711293107,-0.099606756,40.25,61.25,2,2,0,1,2,2,1,0,2,2
338,-0.901261771,-0.654289879,40.25,64.75,2,2,0,1,2,2,1,0,2,2
339,0.903824992,0.971164374,40.25,68.25,2,2,2,1,2,2,1,0,2,2
340,-0.861892381,0.013496312,40.25,71.75,2,2,2,1,2,2,1,0,2,2
341,0.628604504,-0.916534667,40.25,75.25,2,2,2,1,0,2,1,0,2,2
342,-0.374720679,1.709688561,40.25,78.75,2,2,2,1,0,2,1,0,2,2
343,0.013141961,-1.16810099,40.25,82.25,2,2,2,0,1,2,1,0,2,2
344,0.353635852,-1.78103626,40.25,85.75,2,2,2,0,1,2,1,0,2,2
345,-0.669725797,-2.253132449,40.25,89.25,2,2,2,2,1,2,1,0,2,2
346,0.788233104,0.65112597,40.25,92.75,2,2,2,2,1,2,1,0,2,2
347,-0.989765212,-0.532832626,40.25,96.25,2,2,2,2,1,2,1,0,2,2
348,0.897272153,-0.275559357,40.25,99.75,2,2,2,2,1,2,1,0,2,2
349,1.094957413,0.289626973,43.75,1.75,1,2,2,2,2,2,0,1,2,2
350,-1.02707623,-0.466484062,43.75,5.25,1,2,2,2,2,2,0,1,2,2
351,0.801639381,-1.608060175,43.75,8.75,1,2,2,2,2,2,0,1,2,2
352,-0.576561215,-1.949783796,43.75,12.25,1,2,2,2,2,2,0,1,2,2
353,0.201467739,-0.340699918,43.75,15.75,1,0,2,2,2,2,0,1,2,2
354,0.173604676,0.174725527,43.75,19.25,1,0,2,2,2,2,0,1,2,2
355,-0.51817606,-2.277777561,43.75,22.75,0,1,2,2,2,2,0,1,2,2
356,0.853984475,0.290524481,43.75,26.25,0,1,2,2,2,2,0,1,2,2
357,-0.981411911,0.422306357,43.75,29.75,2,1,2,2,2,2,0,1,2,2
358,1.044123091,1.294737363,43.75,33.25,2,1,2,2,2,2,0,1,2,2
359,-0.953578122,0.164714019,43.75,36.75,2,1,0,2,2,2,0,1,2,2
360,0.682554997,0.204953841,43.75,40.25,2,1,0,2,2,2,0,1,2,2
361,-0.481003757,0.604603627,43.75,43.75,2,0,1,2,2,2,0,1,2,2
362,0.147601369,-0.019140769,43.75,47.25,2,0,1,2,2,2,0,1,2,2
363,0.206440898,-0.079714347,43.75,50.75,2,2,1,2,2,2,0,1,2,2
364,-0.539067859,0.115984464,43.75,54.25,2,2,1,0,2,2,0,1,2,2
365,0.848466117,0.744173364,43.75,57.75,2,2,1,0,2,2,0,1,2,2
366,-1.113222903,-0.431290604,43.75,61.25,2,2,0,1,2,2,0,1,2,2
367,0.97584641,-0.499528952,43.75,64.75,2,2,0,1,2,2,0,1,2,2
368,-0.878231066,-0.865162077,43.75,68.25,2,2,2,1,2,2,0,1,2,2
369,0.700091847,-0.957757283,43.75,71.75,2,2,2,1,2,2,0,1,2,2
370,-0.372094749,0.326799971,43.75,75.25,2,2,2,1,0,2,0,1,2,2
371,-0.01234287,1.547372226,43.75,78.75,2,2,2,1,0,2,0,1,2,2
372,0.374472145,-0.968859569,43.75,82.25,2,2,2,0,1,2,0,1,2,2
373,-0.692752487,-0.188440426,43.75,85.75,2,2,2,0,1,2,0,1,2,2
374,0.86357342,-1.030001161,43.75,89.25,2,2,2,2,1,2,0,1,2,2
375,-1.109144544,0.908086442,43.75,92.75,2,2,2,2,1,2,0,1,2,2
376,1.069001508,-0.317381865,43.75,96.25,2,2,2,2,1,2,0,1,2,2
377,-0.923300378,0.179003967,43.75,99.75,2,2,2,2,1,2,0,1,2,2
378,-1.036470312,0.348028188,47.25,1.75,1,2,2,2,2,2,0,1,2,2
379,0.823022581,-1.054279021,47.25,5.25,1,2,2,2,2,2,0,1,2,2
380,-0.596844082,-0.104744288,47.25,8.75,1,2,2,2,2,2,0,1,2,2
381,0.180252206,-0.228342617,47.25,12.25,1,2,2,2,2,2,0,1,2,2
382,0.245825071,0.675355562,47.25,15.75,1,0,2,2,2,2,0,1,2,2
383,-0.541008113,-1.233244694,47.25,19.25,1,0,2,2,2,2,0,1,2,2
384,0.917460272,-1.199961544,47.25,22.75,0,1,2,2,2,2,0,1,2,2
385,-1.062962826,0.765866577,47.25,26.25,0,1,2,2,2,2,0,1,2,2
386,1.122809977,-0.588097861,47.25,29.75,2,1,2,2,2,2,0,1,2,2
387,-1.000412343,-0.66029583,47.25,33.25,2,1,2,2,2,2,0,1,2,2
388,0.898376389,0.113013522,47.25,36.75,2,1,0,2,2,2,0,1,2,2
389,-0.481007031,-0.3203988,47.25,40.25,2,1,0,2,2,2,0,1,2,2
390,0.150956518,1.866381497,47.25,43.75,2,0,1,2,2,2,0,1,2,2
391,0.284898189,0.259531456,47.25,47.25,2,0,1,2,2,2,0,1,2,2
392,-0.671871226,0.161560071,47.25,50.75,2,2,1,2,2,2,0,1,2,2
393,0.989115423,0.931074909,47.25,54.25,2,2,1,0,2,2,0,1,2,2
394,-1.183658703,-0.059946749,47.25,57.75,2,2,1,0,2,2,0,1,2,2
395,1.188056123,0.0487397,47.25,61.25,2,2,0,1,2,2,0,1,2,2
396,-0.976797507,-1.072875401,47.25,64.75,2,2,0,1,2,2,0,1,2,2
397,0.682666252,-2.29297143,47.25,68.25,2,2,2,1,2,2,0,1,2,2
398,-0.498760265,-1.20720685,47.25,71.75,2,2,2,1,2,2,0,1,2,2
399,0.073881713,0.11410943,47.25,75.25,2,2,2,1,0,2,0,1,2,2
400,0.300311983,-1.033297079,47.25,78.75,2,2,2,1,0,2,0,1,2,2
401,-0.682620667,0.688807752,47.25,82.25,2,2,2,0,1,2,0,1,2,2
402,0.926011333,0.725083018,47.25,85.75,2,2,2,0,1,2,0,1,2,2
403,-1.069149107,0.217380211,47.25,89.25,2,2,2,2,1,2,0,1,2,2
404,1.019718704,-0.201656732,47.25,92.75,2,2,2,2,1,2,0,1,2,2
405,-1.025472364,-1.365689861,47.25,96.25,2,2,2,2,1,2,0,1,2,2
406,0.681770277,-0.308937609,47.25,99.75,2,2,2,2,1,2,0,1,2,2
407,1.052114426,-0.452902887,50.75,1.75,1,2,2,2,2,2,2,1,2,2
408,-0.695878409,0.663229145,50.75,5.25,1,2,2,2,2,2,2,1,2,2
409,0.136841864,1.308629537,50.75,8.75,1,2,2,2,2,2,2,1,2,2
410,0.131662555,0.50104031,50.75,12.25,1,2,2,2,2,2,2,1,2,2
411,-0.610703301,-1.128288535,50.75,15.75,1,0,2,2,2,2,2,1,2,2
412,0.909270903,1.670997305,50.75,19.25,1,0,2,2,2,2,2,1,2,2
413,-1.144179482,1.010353032,50.75,22.75,0,1,2,2,2,2,2,1,2,2
414,1.257786106,0.223521216,50.75,26.25,0,1,2,2,2,2,2,1,2,2
415,-1.139034131,-2.206484593,50.75,29.75,2,1,2,2,2,2,2,1,2,2
416,0.900405618,-0.954585619,50.75,33.25,2,1,2,2,2,2,2,1,2,2
417,-0.493912709,-0.068573067,50.75,36.75,2,1,0,2,2,2,2,1,2,2
418,0.171292032,0.761305902,50.75,40.25,2,1,0,2,2,2,2,1,2,2
419,0.313216606,-1.1799042,50.75,43.75,2,0,1,2,2,2,2,1,2,2
420,-0.747382571,3.211198957,50.75,47.25,2,0,1,2,2,2,2,1,2,2
421,0.951337186,-2.553824851,50.75,50.75,2,2,1,2,2,2,2,1,2,2
422,-1.155554901,-0.235933949,50.75,54.25,2,2,1,0,2,2,2,1,2,2
423,1.289091236,-0.259562643,50.75,57.75,2,2,1,0,2,2,2,1,2,2
424,-1.001225264,-0.663366917,50.75,61.25,2,2,0,1,2,2,2,1,2,2
425,0.798610065,-0.318990711,50.75,64.75,2,2,0,1,2,2,2,1,2,2
426,-0.518797107,0.742395158,50.75,68.25,2,2,2,1,2,2,2,1,2,2
427,0.071059655,-0.874292676,50.75,71.75,2,2,2,1,2,2,2,1,2,2
428,0.399565475,-2.082813766,50.75,75.25,2,2,2,1,0,2,2,1,2,2
429,-0.826782878,0.093767903,50.75,78.75,2,2,2,1,0,2,2,1,2,2
430,1.120080505,-0.001819812,50.75,82.25,2,2,2,0,1,2,2,1,2,2
431,-1.271023602,-0.013100652,50.75,85.75,2,2,2,0,1,2,2,1,2,2
432,1.212974349,0.667968075,50.75,89.25,2,2,2,2,1,2,2,1,2,2
433,-1.076770104,-0.013167703,50.75,92.75,2,2,2,2,1,2,2,1,2,2
434,0.824789565,0.77604703,50.75,96.25,2,2,2,2,1,2,2,1,2,2
435,-0.424163366,-2.010735333,50.75,99.75,2,2,2,2,1,2,2,1,2,2
436,-0.587939461,-1.128180495,54.25,1.75,1,2,2,2,2,2,2,1,0,2
437,0.293920169,0.348799572,54.25,5.25,1,2,2,2,2,2,2,1,0,2
438,0.178546105,-0.352898482,54.25,8.75,1,2,2,2,2,2,2,1,0,2
439,-0.737289399,0.944774598,54.25,12.25,1,2,2,2,2,2,2,1,0,2
440,1.055375565,-1.004719853,54.25,15.75,1,0,2,2,2,2,2,1,0,2
441,-1.2951226,0.723902732,54.25,19.25,1,0,2,2,2,2,2,1,0,2
442,1.243482092,-0.668832741,54.25,22.75,0,1,2,2,2,2,2,1,0,2
443,-1.19636409,-1.113040194,54.25,26.25,0,1,2,2,2,2,2,1,0,2
444,0.927771692,-0.342805189,54.25,29.75,2,1,2,2,2,2,2,1,0,2
445,-0.670471675,0.049779323,54.25,33.25,2,1,2,2,2,2,2,1,0,2
446,0.214691429,-1.227681962,54.25,36.75,2,1,0,2,2,2,2,1,0,2
447,0.291797259,-0.764005911,54.25,40.25,2,1,0,2,2,2,2,1,0,2
448,-0.744543568,-1.246182062,54.25,43.75,2,0,1,2,2,2,2,1,0,2
449,1.056822428,1.016773978,54.25,47.25,2,0,1,2,2,2,2,1,0,2
450,-1.224386258,0.723612624,54.25,50.75,2,2,1,2,2,2,2,1,0,2
451,1.384711352,-1.032527137,54.25,54.25,2,2,1,0,2,2,2,1,0,2
452,-1.092571707,0.557346004,54.25,57.75,2,2,1,0,2,2,2,1,0,2
453,0.862476299,-0.255581423,54.25,61.25,2,2,0,1,2,2,2,1,0,2
454,-0.549931354,-1.113391757,54.25,64.75,2,2,0,1,2,2,2,1,0,2
455,-0.004363495,0.42119744,54.25,68.25,2,2,2,1,2,2,2,1,0,2
456,0.39239085,-0.322950312,54.25,71.75,2,2,2,1,2,2,2,1,0,2
457,-0.877085116,0.880179901,54.25,75.25,2,2,2,1,0,2,2,1,0,2
458,1.19575508,-0.194863607,54.25,78.75,2,2,2,1,0,2,2,1,0,2
459,-1.244197976,1.188054982,54.25,82.25,2,2,2,0,1,2,2,1,0,2
460,1.274331329,-0.509764512,54.25,85.75,2,2,2,0,1,2,2,1,0,2
461,-1.123588772,0.219548011,54.25,89.25,2,2,2,2,1,2,2,1,0,2
462,0.753682431,0.370294421,54.25,92.75,2,2,2,2,1,2,2,1,0,2
463,-0.415612638,0.279108394,54.25,96.25,2,2,2,2,1,2,2,1,0,2
464,-0.080625742,0.201942437,54.25,99.75,2,2,2,2,1,2,2,1,0,2
465,0.250777234,-0.012996542,57.75,1.75,1,2,2,2,2,2,2,1,0,2
466,0.143402456,-0.090865006,57.75,5.25,1,2,2,2,2,2,2,1,0,2
467,-0.606495939,1.365031365,57.75,8.75,1,2,2,2,2,2,2,1,0,2
468,1.008412133,0.908130569,57.75,12.25,1,2,2,2,2,2,2,1,0,2
469,-1.20252449,-0.609888171,57.75,15.75,1,0,2,2,2,2,2,1,0,2
470,1.41161673,1.396437221,57.75,19.25,1,0,2,2,2,2,2,1,0,2
471,-1.320211623,0.144798373,57.75,22.75,0,1,2,2,2,2,2,1,0,2
472,0.929934625,-0.640606772,57.75,26.25,0,1,2,2,2,2,2,1,0,2
473,-0.60596293,0.16980226,57.75,29.75,2,1,2,2,2,2,2,1,0,2
474,0.159818631,-0.157187487,57.75,33.25,2,1,2,2,2,2,2,1,0,2
475,0.332349561,0.100939595,57.75,36.75,2,1,0,2,2,2,2,1,0,2
476,-0.766439744,-0.973394154,57.75,40.25,2,1,0,2,2,2,2,1,0,2
477,1.257036717,-0.819825275,57.75,43.75,2,0,1,2,2,2,2,1,0,2
478,-1.422843319,1.362918969,57.75,47.25,2,0,1,2,2,2,2,1,0,2
479,1.438415367,0.961370931,57.75,50.75,2,2,1,2,2,2,2,1,0,2
480,-1.158982416,-0.883724474,57.75,54.25,2,2,1,0,2,2,2,1,0,2
481,0.847189963,-0.900092115,57.75,57.75,2,2,1,0,2,2,2,1,0,2
482,-0.565890234,1.723333133,57.75,61.25,2,2,0,1,2,2,2,1,0,2
483,0.00825722,1.909042162,57.75,64.75,2,2,0,1,2,2,2,1,0,2
484,0.485761381,-0.777141196,57.75,68.25,2,2,2,1,2,2,2,1,0,2
485,-0.980334005,-1.302305263,57.75,71.75,2,2,2,1,2,2,2,1,0,2
486,1.129168954,2.623495167,57.75,75.25,2,2,2,1,0,2,2,1,0,2
487,-1.362307124,0.229628914,57.75,78.75,2,2,2,1,0,2,2,1,0,2
488,1.360624042,0.186749892,57.75,82.25,2,2,2,0,1,2,2,1,0,2
489,-1.105962272,0.076136635,57.75,85.75,2,2,2,0,1,2,2,1,0,2
490,0.936545412,1.404860186,57.75,89.25,2,2,2,2,1,2,2,1,0,2
491,-0.460409673,-0.191722235,57.75,92.75,2,2,2,2,1,2,2,1,0,2
492,-0.0155663,1.459392164,57.75,96.25,2,2,2,2,1,2,2,1,0,2
493,0.492544766,-0.220655451,57.75,99.75,2,2,2,2,1,2,2,1,0,2
494,0.202453039,0.505145886,61.25,1.75,1,2,2,2,2,2,2,0,1,2
495,-0.627990956,-1.033497006,61.25,5.25,1,2,2,2,2,2,2,0,1,2
496,1.227518997,0.170473471,61.25,8.75,1,2,2,2,2,2,2,0,1,2
497,-1.447327582,1.200668161,61.25,12.25,1,2,2,2,2,2,2,0,1,2
498,1.601344511,-0.163405915,61.25,15.75,1,0,2,2,2,2,2,0,1,2
499,-1.267971427,1.282475863,61.25,19.25,1,0,2,2,2,2,2,0,1,2
500,1.085789922,2.727196388,61.25,22.75,0,1,2,2,2,2,2,0,1,2
501,-0.618066387,0.941924217,61.25,26.25,0,1,2,2,2,2,2,0,1,2
502,0.264320603,-0.248614037,61.25,29.75,2,1,2,2,2,2,2,0,1,2
503,0.459007024,0.09647886,61.25,33.25,2,1,2,2,2,2,2,0,1,2
504,-0.76721074,-0.433930941,61.25,36.75,2,1,0,2,2,2,2,0,1,2
505,1.311046048,2.178667867,61.25,40.25,2,1,0,2,2,2,2,0,1,2
506,-1.428299138,-2.958779619,61.25,43.75,2,0,1,2,2,2,2,0,1,2
507,1.566592325,0.080888239,61.25,47.25,2,0,1,2,2,2,2,0,1,2
508,-1.195242947,0.110137805,61.25,50.75,2,2,1,2,2,2,2,0,1,2
509,1.100982255,0.213448326,61.25,54.25,2,2,1,0,2,2,2,0,1,2
510,-0.638740024,-1.557819613,61.25,57.75,2,2,1,0,2,2,2,0,1,2
511,0.08017551,0.216211546,61.25,61.25,2,2,0,1,2,2,2,0,1,2
512,0.495366566,0.187663817,61.25,64.75,2,2,0,1,2,2,2,0,1,2
513,-0.905155352,1.258622125,61.25,68.25,2,2,2,1,2,2,2,0,1,2
514,1.388351812,0.523517781,61.25,71.75,2,2,2,1,2,2,2,0,1,2
515,-1.506822746,1.115454277,61.25,75.25,2,2,2,1,0,2,2,0,1,2
516,1.5215234,-0.957502242,61.25,78.75,2,2,2,1,0,2,2,0,1,2
517,-1.316835338,-0.12440558,61.25,82.25,2,2,2,0,1,2,2,0,1,2
518,0.975810655,0.191737829,61.25,85.75,2,2,2,0,1,2,2,0,1,2
519,-0.461351905,0.272217251,61.25,89.25,2,2,2,2,1,2,2,0,1,2
520,0.03151,-0.693814464,61.25,92.75,2,2,2,2,1,2,2,0,1,2
521,0.607852702,1.479171921,61.25,96.25,2,2,2,2,1,2,2,0,1,2
522,-1.003694289,-0.611767022,61.25,99.75,2,2,2,2,1,2,2,0,1,2
523,-0.836403698,-1.614309974,64.75,1.75,1,2,2,2,2,2,2,0,1,2
524,1.276019983,0.402490111,64.75,5.25,1,2,2,2,2,2,2,0,1,2
525,-1.373581689,0.664555447,64.75,8.75,1,2,2,2,2,2,2,0,1,2
526,1.646471776,0.944127071,64.75,12.25,1,2,2,2,2,2,2,0,1,2
527,-1.48079875,-0.946260798,64.75,15.75,1,0,2,2,2,2,2,0,1,2
528,1.094036372,-0.248288449,64.75,19.25,1,0,2,2,2,2,2,0,1,2
529,-0.637924655,-1.328436469,64.75,22.75,0,1,2,2,2,2,2,0,1,2
530,0.255308163,0.844763742,64.75,26.25,0,1,2,2,2,2,2,0,1,2
531,0.488328218,0.347696732,64.75,29.75,2,1,2,2,2,2,2,0,1,2
532,-0.785697472,0.913762586,64.75,33.25,2,1,2,2,2,2,2,0,1,2
533,1.215908938,0.608274553,64.75,36.75,2,1,0,2,2,2,2,0,1,2
534,-1.534032706,-0.607547988,64.75,40.25,2,1,0,2,2,2,2,0,1,2
535,1.654257072,0.179658071,64.75,43.75,2,0,1,2,2,2,2,0,1,2
536,-1.450911196,-1.908409419,64.75,47.25,2,0,1,2,2,2,2,0,1,2
537,0.956738733,0.502946258,64.75,50.75,2,2,1,2,2,2,2,0,1,2
538,-0.570733002,0.968899153,64.75,54.25,2,2,1,0,2,2,2,0,1,2
539,0.082902154,-0.875737126,64.75,57.75,2,2,1,0,2,2,2,0,1,2
540,0.544080073,-2.136024539,64.75,61.25,2,2,0,1,2,2,2,0,1,2
541,-0.862266134,-1.522827582,64.75,64.75,2,2,0,1,2,2,2,0,1,2
542,1.319893835,-1.113118208,64.75,68.25,2,2,2,1,2,2,2,0,1,2
543,-1.456264719,1.240983896,64.75,71.75,2,2,2,1,2,2,2,0,1,2
544,1.4705693,0.003481935,64.75,75.25,2,2,2,1,0,2,2,0,1,2
545,-1.213371085,-1.237794586,64.75,78.75,2,2,2,1,0,2,2,0,1,2
546,1.034663485,0.555699119,64.75,82.25,2,2,2,0,1,2,2,0,1,2
547,-0.477202097,-2.183149349,64.75,85.75,2,2,2,0,1,2,2,0,1,2
548,-0.146637527,-0.247024457,64.75,89.25,2,2,2,2,1,2,2,0,1,2
549,0.690202684,1.112856928,64.75,92.75,2,2,2,2,1,2,2,0,1,2
550,-1.038167884,-0.341673237,64.75,96.25,2,2,2,2,1,2,2,0,1,2
551,1.525646787,1.305438342,64.75,99.75,2,2,2,2,1,2,2,0,1,2
552,1.337222817,1.795323871,68.25,1.75,1,2,2,2,2,2,2,2,1,2
553,-1.622462742,-1.167835227,68.25,5.25,1,2,2,2,2,2,2,2,1,2
554,1.764200132,-1.152287625,68.25,8.75,1,2,2,2,2,2,2,2,1,2
555,-1.393929305,-0.914455469,68.25,12.25,1,2,2,2,2,2,2,2,1,2
556,1.234047785,0.528728033,68.25,15.75,1,0,2,2,2,2,2,2,1,2
557,-0.807932142,0.835078927,68.25,19.25,1,0,2,2,2,2,2,2,1,2
558,0.084046324,1.209136974,68.25,22.75,0,1,2,2,2,2,2,2,1,2
559,0.394842595,1.299472545,68.25,26.25,0,1,2,2,2,2,2,2,1,2
560,-0.846367711,1.075732304,68.25,29.75,2,1,2,2,2,2,2,2,1,2
561,1.511119682,0.939801024,68.25,33.25,2,1,2,2,2,2,2,2,1,2
562,-1.567365739,0.163374693,68.25,36.75,2,1,0,2,2,2,2,2,1,2
563,1.70983294,-0.888138559,68.25,40.25,2,1,0,2,2,2,2,2,1,2
564,-1.310281777,-0.726160983,68.25,43.75,2,0,1,2,2,2,2,2,1,2
565,1.128436974,0.407597006,68.25,47.25,2,0,1,2,2,2,2,2,1,2
566,-0.520709123,1.683536339,68.25,50.75,2,2,1,2,2,2,2,2,1,2
567,0.155221555,1.705979824,68.25,54.25,2,2,1,0,2,2,2,2,1,2
568,0.458822506,-1.926166701,68.25,57.75,2,2,1,0,2,2,2,2,1,2
569,-1.039185743,-0.833998015,68.25,61.25,2,2,0,1,2,2,2,2,1,2
570,1.466899316,1.419132516,68.25,64.75,2,2,0,1,2,2,2,2,1,2
571,-1.5245024,-1.064109715,68.25,68.25,2,2,2,1,2,2,2,2,1,2
572,1.550109977,-1.613577472,68.25,71.75,2,2,2,1,2,2,2,2,1,2
573,-1.39101879,0.599811089,68.25,75.25,2,2,2,1,0,2,2,2,1,2
574,0.908136182,1.732964705,68.25,78.75,2,2,2,1,0,2,2,2,1,2
575,-0.570734118,1.934504562,68.25,82.25,2,2,2,0,1,2,2,2,1,2
576,0.007134299,0.532820576,68.25,85.75,2,2,2,0,1,2,2,2,1,2
577,0.748419155,0.719665756,68.25,89.25,2,2,2,2,1,2,2,2,1,2
578,-1.237631804,0.560093386,68.25,92.75,2,2,2,2,1,2,2,2,1,2
579,1.469981887,-0.018086932,68.25,96.25,2,2,2,2,1,2,2,2,1,2
580,-1.485856571,-3.371739083,68.25,99.75,2,2,2,2,1,2,2,2,1,2
581,-1.648593488,0.760703245,71.75,1.75,1,2,2,2,2,2,2,2,1,2
582,1.72262057,-0.391226852,71.75,5.25,1,2,2,2,2,2,2,2,1,2
583,-1.55360942,1.009901224,71.75,8.75,1,2,2,2,2,2,2,2,1,2
584,1.239285902,-0.626973147,71.75,12.25,1,2,2,2,2,2,2,2,1,2
585,-0.622354727,-1.63457737,71.75,15.75,1,0,2,2,2,2,2,2,1,2
586,0.137206088,1.245242652,71.75,19.25,1,0,2,2,2,2,2,2,1,2
587,0.502313582,0.181377447,71.75,22.75,0,1,2,2,2,2,2,2,1,2
588,-1.068418275,3.495304264,71.75,26.25,0,1,2,2,2,2,2,2,1,2
589,1.541530315,0.915591913,71.75,29.75,2,1,2,2,2,2,2,2,1,2
590,-1.587930072,1.048506517,71.75,33.25,2,1,2,2,2,2,2,2,1,2
591,1.813475275,0.763824937,71.75,36.75,2,1,0,2,2,2,2,2,1,2
592,-1.613682235,-0.603387377,71.75,40.25,2,1,0,2,2,2,2,2,1,2
593,1.210486907,-0.370429663,71.75,43.75,2,0,1,2,2,2,2,2,1,2
594,-0.564344662,1.059825938,71.75,47.25,2,0,1,2,2,2,2,2,1,2
595,0.146249128,1.05511053,71.75,50.75,2,2,1,2,2,2,2,2,1,2
596,0.514756011,0.582972161,71.75,54.25,2,2,1,0,2,2,2,2,1,2
597,-1.076518725,-0.986567436,71.75,57.75,2,2,1,0,2,2,2,2,1,2
598,1.590974619,1.684621812,71.75,61.25,2,2,0,1,2,2,2,2,1,2
599,-1.76488355,-1.366841046,71.75,64.75,2,2,0,1,2,2,2,2,1,2
600,1.801794126,-0.433214349,71.75,68.25,2,2,2,1,2,2,2,2,1,2
601,-1.383353213,2.325058494,71.75,71.75,2,2,2,1,2,2,2,2,1,2
602,1.113193971,0.524122181,71.75,75.25,2,2,2,1,0,2,2,2,1,2
603,-0.59500764,0.970733416,71.75,78.75,2,2,2,1,0,2,2,2,1,2
604,-0.195815258,0.376973397,71.75,82.25,2,2,2,0,1,2,2,2,1,2
605,0.652007335,-0.995933397,71.75,85.75,2,2,2,0,1,2,2,2,1,2
606,-1.285141507,-0.597482913,71.75,89.25,2,2,2,2,1,2,2,2,1,2
607,1.596956195,0.165251423,71.75,92.75,2,2,2,2,1,2,2,2,1,2
608,-1.546095749,-2.928477179,71.75,96.25,2,2,2,2,1,2,2,2,1,2
609,1.676773389,-0.847914227,71.75,99.75,2,2,2,2,1,2,2,2,1,2
610,1.978130554,0.798584512,75.25,1.75,1,2,2,2,2,2,2,2,1,0
611,-1.670638066,-0.298455988,75.25,5.25,1,2,2,2,2,2,2,2,1,0
612,1.367731947,-0.283611377,75.25,8.75,1,2,2,2,2,2,2,2,1,0
613,-0.668084655,0.869519307,75.25,12.25,1,2,2,2,2,2,2,2,1,0
614,0.329751925,-0.544355285,75.25,15.75,1,0,2,2,2,2,2,2,1,0
615,0.396460369,0.628803235,75.25,19.25,1,0,2,2,2,2,2,2,1,0
616,-1.095662597,-1.422334458,75.25,22.75,0,1,2,2,2,2,2,2,1,0
617,1.397257108,-1.227512633,75.25,26.25,0,1,2,2,2,2,2,2,1,0
618,-1.637641804,-1.674105516,75.25,29.75,2,1,2,2,2,2,2,2,1,0
619,1.921061868,0.084398482,75.25,33.25,2,1,2,2,2,2,2,2,1,0
620,-1.641653139,-0.206125664,75.25,36.75,2,1,0,2,2,2,2,2,1,0
621,1.268537032,1.44187164,75.25,40.25,2,1,0,2,2,2,2,2,1,0
622,-0.710731469,-0.041782103,75.25,43.75,2,0,1,2,2,2,2,2,1,0
623,0.074770236,1.353754478,75.25,47.25,2,0,1,2,2,2,2,2,1,0
624,0.650978568,1.945225276,75.25,50.75,2,2,1,2,2,2,2,2,1,0
625,-1.153026881,-0.490938234,75.25,54.25,2,2,1,0,2,2,2,2,1,0
626,1.684832893,0.388439075,75.25,57.75,2,2,1,0,2,2,2,2,1,0
627,-1.863471963,-0.844893259,75.25,61.25,2,2,0,1,2,2,2,2,1,0
628,1.756455579,0.737990368,75.25,64.75,2,2,0,1,2,2,2,2,1,0
629,-1.578315543,-1.079760331,75.25,68.25,2,2,2,1,2,2,2,2,1,0
630,1.083133863,-1.026473876,75.25,71.75,2,2,2,1,2,2,2,2,1,0
631,-0.426681031,0.288793362,75.25,75.25,2,2,2,1,0,2,2,2,1,0
632,0.032228954,0.090811319,75.25,78.75,2,2,2,1,0,2,2,2,1,0
633,0.786301192,0.262623177,75.25,82.25,2,2,2,0,1,2,2,2,1,0
634,-1.092987388,0.069334913,75.25,85.75,2,2,2,0,1,2,2,2,1,0
635,1.567497214,-0.528643819,75.25,89.25,2,2,2,2,1,2,2,2,1,0
636,-1.748996739,-0.130202165,75.25,92.75,2,2,2,2,1,2,2,2,1,0
637,1.843808061,1.620158744,75.25,96.25,2,2,2,2,1,2,2,2,1,0
638,-1.512774851,-0.017895123,75.25,99.75,2,2,2,2,1,2,2,2,1,0
639,-1.61144528,-1.318489399,78.75,1.75,1,2,2,2,2,2,2,2,1,0
640,1.42384431,-0.844560161,78.75,5.25,1,2,2,2,2,2,2,2,1,0
641,-0.808944742,-1.101814872,78.75,8.75,1,2,2,2,2,2,2,2,1,0
642,0.322544484,-0.900090143,78.75,12.25,1,2,2,2,2,2,2,2,1,0
643,0.524722276,-1.26108392,78.75,15.75,1,0,2,2,2,2,2,2,1,0
644,-1.145101728,-2.625848902,78.75,19.25,1,0,2,2,2,2,2,2,1,0
645,1.734517655,0.669065749,78.75,22.75,0,1,2,2,2,2,2,2,1,0
646,-1.85668923,0.660041509,78.75,26.25,0,1,2,2,2,2,2,2,1,0
647,1.975835513,-0.250600435,78.75,29.75,2,1,2,2,2,2,2,2,1,0
648,-1.514928902,-0.723797317,78.75,33.25,2,1,2,2,2,2,2,2,1,0
649,1.440368977,-0.812181632,78.75,36.75,2,1,0,2,2,2,2,2,1,0
650,-0.507616892,0.398734336,78.75,40.25,2,1,0,2,2,2,2,2,1,0
651,0.08879484,0.226563574,78.75,43.75,2,0,1,2,2,2,2,2,1,0
652,0.559436929,0.42164358,78.75,47.25,2,0,1,2,2,2,2,2,1,0
653,-1.030650834,0.004837944,78.75,50.75,2,2,1,2,2,2,2,2,1,0
654,1.641377502,0.618983915,78.75,54.25,2,2,1,0,2,2,2,2,1,0
655,-1.822273193,0.431133944,78.75,57.75,2,2,1,0,2,2,2,2,1,0
656,1.923906417,0.55831237,78.75,61.25,2,2,0,1,2,2,2,2,1,0
657,-1.454662036,0.495961281,78.75,64.75,2,2,0,1,2,2,2,2,1,0
658,1.246342405,1.661885741,78.75,68.25,2,2,2,1,2,2,2,2,1,0
659,-0.538263048,-1.055034612,78.75,71.75,2,2,2,1,2,2,2,2,1,0
660,-0.070041742,1.508324687,78.75,75.25,2,2,2,1,0,2,2,2,1,0
661,0.719103623,-0.334208657,78.75,78.75,2,2,2,1,0,2,2,2,1,0
662,-1.349877033,-0.064980744,78.75,82.25,2,2,2,0,1,2,2,2,1,0
663,1.870559251,0.081081539,78.75,85.75,2,2,2,0,1,2,2,2,1,0
664,-1.738573529,-0.448214796,78.75,89.25,2,2,2,2,1,2,2,2,1,0
665,2.012313473,-2.55380695,78.75,92.75,2,2,2,2,1,2,2,2,1,0
666,-1.392089605,-0.312932535,78.75,96.25,2,2,2,2,1,2,2,2,1,0
667,1.038166811,0.041383152,78.75,99.75,2,2,2,2,1,2,2,2,1,0
668,1.510307404,-1.737728061,82.25,1.75,1,2,2,2,2,2,2,2,0,1
669,-0.692893234,0.54993966,82.25,5.25,1,2,2,2,2,2,2,2,0,1
670,0.29407816,-0.597273693,82.25,8.75,1,2,2,2,2,2,2,2,0,1
671,0.524093849,1.447741806,82.25,12.25,1,2,2,2,2,2,2,2,0,1
672,-1.160245868,0.264868114,82.25,15.75,1,0,2,2,2,2,2,2,0,1
673,1.787657912,-0.788782808,82.25,19.25,1,0,2,2,2,2,2,2,0,1
674,-1.859470975,0.167732221,82.25,22.75,0,1,2,2,2,2,2,2,0,1
675,1.917161598,0.257583108,82.25,26.25,0,1,2,2,2,2,2,2,0,1
676,-1.631344782,0.912047367,82.25,29.75,2,1,2,2,2,2,2,2,0,1
677,1.423879308,-0.156872383,82.25,33.25,2,1,2,2,2,2,2,2,0,1
678,-0.792921807,-2.033375708,82.25,36.75,2,1,0,2,2,2,2,2,0,1
679,0.018519281,-1.299665823,82.25,40.25,2,1,0,2,2,2,2,2,0,1
680,0.726879291,-0.85725066,82.25,43.75,2,0,1,2,2,2,2,2,0,1
681,-1.329775594,0.426265295,82.25,47.25,2,0,1,2,2,2,2,2,0,1
682,1.66209987,-0.284836263,82.25,50.75,2,2,1,2,2,2,2,2,0,1
683,-1.814099228,-0.614368542,82.25,54.25,2,2,1,0,2,2,2,2,0,1
684,2.114287435,-0.844890832,82.25,57.75,2,2,1,0,2,2,2,2,0,1
685,-1.47728034,0.153694957,82.25,61.25,2,2,0,1,2,2,2,2,0,1
686,1.186666935,-0.851432276,82.25,64.75,2,2,0,1,2,2,2,2,0,1
687,-0.604987484,-0.397921073,82.25,68.25,2,2,2,1,2,2,2,2,0,1
688,-0.15051874,-0.939977226,82.25,71.75,2,2,2,1,2,2,2,2,0,1
689,0.771102874,-1.388253741,82.25,75.25,2,2,2,1,0,2,2,2,0,1
690,-1.418110804,0.955184589,82.25,78.75,2,2,2,1,0,2,2,2,0,1
691,1.741223631,-1.31749547,82.25,82.25,2,2,2,0,1,2,2,2,0,1
692,-1.84921899,0.073029146,82.25,85.75,2,2,2,0,1,2,2,2,0,1
693,1.901846185,-0.568185849,82.25,89.25,2,2,2,2,1,2,2,2,0,1
694,-1.556460575,-1.058450669,82.25,92.75,2,2,2,2,1,2,2,2,0,1
695,1.201749768,0.259313538,82.25,96.25,2,2,2,2,1,2,2,2,0,1
696,-0.42240527,0.373134505,82.25,99.75,2,2,2,2,1,2,2,2,0,1
697,-0.770645191,1.264666769,85.75,1.75,1,2,2,2,2,2,2,2,0,1
698,0.146949832,0.325224996,85.75,5.25,1,2,2,2,2,2,2,2,0,1
699,0.63570965,-0.13846732,85.75,8.75,1,2,2,2,2,2,2,2,0,1
700,-0.979447285,2.602468897,85.75,12.25,1,2,2,2,2,2,2,2,0,1
701,1.851494461,-0.650284428,85.75,15.75,1,0,2,2,2,2,2,2,0,1
702,-1.852559205,-1.003183228,85.75,19.25,1,0,2,2,2,2,2,2,0,1
703,2.055299479,-0.535113913,85.75,22.75,0,1,2,2,2,2,2,2,0,1
704,-1.722824928,-0.110414567,85.75,26.25,0,1,2,2,2,2,2,2,0,1
705,1.432927039,0.600430169,85.75,29.75,2,1,2,2,2,2,2,2,0,1
706,-0.750452186,0.41584506,85.75,33.25,2,1,2,2,2,2,2,2,0,1
707,0.193790506,-0.105750647,85.75,36.75,2,1,0,2,2,2,2,2,0,1
708,0.591616554,-0.856562538,85.75,40.25,2,1,0,2,2,2,2,2,0,1
709,-1.287220636,1.127327334,85.75,43.75,2,0,1,2,2,2,2,2,0,1
710,1.7926598,0.916281621,85.75,47.25,2,0,1,2,2,2,2,2,0,1
711,-2.070591671,-0.724379593,85.75,50.75,2,2,1,2,2,2,2,2,0,1
712,2.123232577,0.686779088,85.75,54.25,2,2,1,0,2,2,2,2,0,1
713,-1.814436519,0.450085792,85.75,57.75,2,2,1,0,2,2,2,2,0,1
714,1.22820514,1.045221606,85.75,61.25,2,2,0,1,2,2,2,2,0,1
715,-0.374354966,0.149629034,85.75,64.75,2,2,0,1,2,2,2,2,0,1
716,-0.178985012,-1.141067153,85.75,68.25,2,2,2,1,2,2,2,2,0,1
717,0.762200104,0.802499402,85.75,71.75,2,2,2,1,2,2,2,2,0,1
718,-1.251560937,-0.728716531,85.75,75.25,2,2,2,1,0,2,2,2,0,1
719,1.937389586,0.527209286,85.75,78.75,2,2,2,1,0,2,2,2,0,1
720,-2.130136069,1.673478772,85.75,82.25,2,2,2,0,1,2,2,2,0,1
721,2.196567858,-1.41882802,85.75,85.75,2,2,2,0,1,2,2,2,0,1
722,-1.690614517,1.561910801,85.75,89.25,2,2,2,2,1,2,2,2,0,1
723,1.276687194,1.353161009,85.75,92.75,2,2,2,2,1,2,2,2,0,1
724,-0.47881988,-0.528696777,85.75,96.25,2,2,2,2,1,2,2,2,0,1
725,-0.256043652,-0.251272775,85.75,99.75,2,2,2,2,1,2,2,2,0,1
726,0.197836635,-0.685847686,89.25,1.75,1,2,2,2,2,2,2,2,2,1
727,0.675860841,-0.570367652,89.25,5.25,1,2,2,2,2,2,2,2,2,1
728,-1.052953076,0.579631382,89.25,8.75,1,2,2,2,2,2,2,2,2,1
729,1.995820618,-0.898959005,89.25,12.25,1,2,2,2,2,2,2,2,2,1
730,-2.156040495,-0.190329888,89.25,15.75,1,0,2,2,2,2,2,2,2,1
731,2.228400869,-0.143903377,89.25,19.25,1,0,2,2,2,2,2,2,2,1
732,-1.860767098,-0.096572651,89.25,22.75,0,1,2,2,2,2,2,2,2,1
733,1.444247733,0.181446716,89.25,26.25,0,1,2,2,2,2,2,2,2,1
734,-0.773697916,1.596574209,89.25,29.75,2,1,2,2,2,2,2,2,2,1
735,0.26363639,-0.45133174,89.25,33.25,2,1,2,2,2,2,2,2,2,1
736,0.91636128,-0.794880225,89.25,36.75,2,1,0,2,2,2,2,2,2,1
737,-1.141446447,0.79228435,89.25,40.25,2,1,0,2,2,2,2,2,2,1
738,2.036867847,0.3804723,89.25,43.75,2,0,1,2,2,2,2,2,2,1
739,-2.154539532,0.235787983,89.25,47.25,2,0,1,2,2,2,2,2,2,1
740,2.09794958,0.590988264,89.25,50.75,2,2,1,2,2,2,2,2,2,1
741,-1.656086911,-1.411930202,89.25,54.25,2,2,1,0,2,2,2,2,2,1
742,1.4868781,1.063295792,89.25,57.75,2,2,1,0,2,2,2,2,2,1
743,-0.535674746,0.453917879,89.25,61.25,2,2,0,1,2,2,2,2,2,1
744,-0.178905552,0.951312977,89.25,64.75,2,2,0,1,2,2,2,2,2,1
745,1.035946884,-0.598517713,89.25,68.25,2,2,2,1,2,2,2,2,2,1
746,-1.568015565,-1.84194005,89.25,71.75,2,2,2,1,2,2,2,2,2,1
747,2.085221667,-0.484589533,89.25,75.25,2,2,2,1,0,2,2,2,2,1
748,-1.953987165,-0.906846815,89.25,78.75,2,2,2,1,0,2,2,2,2,1
749,2.126545929,2.222762447,89.25,82.25,2,2,2,0,1,2,2,2,2,1
750,-1.626084811,-0.413466576,89.25,85.75,2,2,2,0,1,2,2,2,2,1
751,1.288449638,-0.215673847,89.25,89.25,2,2,2,2,1,2,2,2,2,1
752,-0.531891899,1.06297852,89.25,92.75,2,2,2,2,1,2,2,2,2,1
753,-0.368211633,0.620346527,89.25,96.25,2,2,2,2,1,2,2,2,2,1
754,1.173222874,0.673066652,89.25,99.75,2,2,2,2,1,2,2,2,2,1
755,0.490052836,2.633709563,92.75,1.75,1,2,2,2,2,2,2,2,2,1
756,-1.260496792,0.166114399,92.75,5.25,1,2,2,2,2,2,2,2,2,1
757,2.007044775,1.905175538,92.75,8.75,1,2,2,2,2,2,2,2,2,1
758,-2.130477064,0.253718401,92.75,12.25,1,2,2,2,2,2,2,2,2,1
759,2.305436174,-1.459021967,92.75,15.75,1,0,2,2,2,2,2,2,2,1
760,-1.763390816,-2.227248241,92.75,19.25,1,0,2,2,2,2,2,2,2,1
761,1.561394878,0.649683551,92.75,22.75,0,1,2,2,2,2,2,2,2,1
762,-0.80730568,-0.999249865,92.75,26.25,0,1,2,2,2,2,2,2,2,1
763,-0.026915959,0.041972384,92.75,29.75,2,1,2,2,2,2,2,2,2,1
764,0.775416136,1.7770437,92.75,33.25,2,1,2,2,2,2,2,2,2,1
765,-1.419780287,0.347182677,92.75,36.75,2,1,0,2,2,2,2,2,2,1
766,1.93632099,-0.287097446,92.75,40.25,2,1,0,2,2,2,2,2,2,1
767,-2.08994262,-1.924576652,92.75,43.75,2,0,1,2,2,2,2,2,2,1
768,2.308051888,-0.800649109,92.75,47.25,2,0,1,2,2,2,2,2,2,1
769,-1.873110346,-0.575617971,92.75,50.75,2,2,1,2,2,2,2,2,2,1
770,1.502945757,0.684205733,92.75,54.25,2,2,1,0,2,2,2,2,2,1
771,-0.559948269,0.483457348,92.75,57.75,2,2,1,0,2,2,2,2,2,1
772,0.034030146,0.013963409,92.75,61.25,2,2,0,1,2,2,2,2,2,1
773,1.041417258,0.180243735,92.75,64.75,2,2,0,1,2,2,2,2,2,1
774,-1.48396086,-0.288123248,92.75,68.25,2,2,2,1,2,2,2,2,2,1
775,2.082236011,0.030227223,92.75,71.75,2,2,2,1,2,2,2,2,2,1
776,-2.200408699,0.271674109,92.75,75.25,2,2,2,1,0,2,2,2,2,1
777,2.273993014,0.449158427,92.75,78.75,2,2,2,1,0,2,2,2,2,1
778,-1.873820017,1.827627658,92.75,82.25,2,2,2,0,1,2,2,2,2,1
779,1.250674874,-1.112023711,92.75,85.75,2,2,2,0,1,2,2,2,2,1
780,-0.269022155,1.474807432,92.75,89.25,2,2,2,2,1,2,2,2,2,1
781,-0.286709854,0.67151246,92.75,92.75,2,2,2,2,1,2,2,2,2,1
782,1.276198446,-1.545328544,92.75,96.25,2,2,2,2,1,2,2,2,2,1
783,-1.646932603,-0.277047228,92.75,99.75,2,2,2,2,1,2,2,2,2,1
784,-1.153636337,-0.629342992,96.25,1.75,1,2,2,2,2,2,2,2,2,1
785,2.0791041,-0.933000452,96.25,5.25,1,2,2,2,2,2,2,2,2,1
786,-2.218227489,-1.537886484,96.25,8.75,1,2,2,2,2,2,2,2,2,1
787,2.488030524,-0.49410205,96.25,12.25,1,2,2,2,2,2,2,2,2,1
788,-1.855673184,-0.435360015,96.25,15.75,1,0,2,2,2,2,2,2,2,1
789,1.818864021,-0.323544676,96.25,19.25,1,0,2,2,2,2,2,2,2,1
790,-0.639221463,-2.061113619,96.25,22.75,0,1,2,2,2,2,2,2,2,1
791,0.016189192,0.441502555,96.25,26.25,0,1,2,2,2,2,2,2,2,1
792,0.881889627,0.746351247,96.25,29.75,2,1,2,2,2,2,2,2,2,1
793,-1.484388817,0.789642874,96.25,33.25,2,1,2,2,2,2,2,2,2,1
794,2.090279062,0.770740507,96.25,36.75,2,1,0,2,2,2,2,2,2,1
795,-2.106303278,0.200506318,96.25,40.25,2,1,0,2,2,2,2,2,2,1
796,2.181889475,1.468350032,96.25,43.75,2,0,1,2,2,2,2,2,2,1
797,-1.712153516,-0.876455484,96.25,47.25,2,0,1,2,2,2,2,2,2,1
798,1.651580599,-1.226604694,96.25,50.75,2,2,1,2,2,2,2,2,2,1
799,-0.448713125,0.33783792,96.25,54.25,2,2,1,0,2,2,2,2,2,1
800,-0.019839823,0.440824087,96.25,57.75,2,2,1,0,2,2,2,2,2,1
801,0.966732284,-0.746516452,96.25,61.25,2,2,0,1,2,2,2,2,2,1
802,-1.481131133,0.03660612,96.25,64.75,2,2,0,1,2,2,2,2,2,1
803,2.094626277,0.323309624,96.25,68.25,2,2,2,1,2,2,2,2,2,1
804,-2.092248109,0.379676032,96.25,71.75,2,2,2,1,2,2,2,2,2,1
805,2.470108233,0.876556496,96.25,75.25,2,2,2,1,0,2,2,2,2,1
806,-1.779073282,0.933387988,96.25,78.75,2,2,2,1,0,2,2,2,2,1
807,1.492741883,-2.428807523,96.25,82.25,2,2,2,0,1,2,2,2,2,1
808,-0.51449375,1.727994023,96.25,85.75,2,2,2,0,1,2,2,2,2,1
809,-0.216639739,0.456002646,96.25,89.25,2,2,2,2,1,2,2,2,2,1
810,1.16625093,-0.570360346,96.25,92.75,2,2,2,2,1,2,2,2,2,1
811,-1.50317872,-1.114624402,96.25,96.25,2,2,2,2,1,2,2,2,2,1
812,2.131962994,0.905064266,96.25,99.75,2,2,2,2,1,2,2,2,2,1
813,2.066796412,0.328096015,99.75,1.75,1,2,2,2,2,2,2,2,2,1
814,-2.139115739,1.07808996,99.75,5.25,1,2,2,2,2,2,2,2,2,1
815,2.36484459,-0.060315554,99.75,8.75,1,2,2,2,2,2,2,2,2,1
816,-2.072032554,-0.243518762,99.75,12.25,1,2,2,2,2,2,2,2,2,1
817,1.698018641,2.241422561,99.75,15.75,1,0,2,2,2,2,2,2,2,1
818,-0.81515678,-2.035992971,99.75,19.25,1,0,2,2,2,2,2,2,2,1
819,0.157499685,0.390914465,99.75,22.75,0,1,2,2,2,2,2,2,2,1
820,0.83747853,0.384813343,99.75,26.25,0,1,2,2,2,2,2,2,2,1
821,-1.603414739,0.4386956,99.75,29.75,2,1,2,2,2,2,2,2,2,1
822,2.31082156,0.558140902,99.75,33.25,2,1,2,2,2,2,2,2,2,1
823,-2.293670925,-0.276406383,99.75,36.75,2,1,0,2,2,2,2,2,2,1
824,2.29525718,1.166288079,99.75,40.25,2,1,0,2,2,2,2,2,2,1
825,-1.999505079,-2.454277235,99.75,43.75,2,0,1,2,2,2,2,2,2,1
826,1.524652185,-0.805566259,99.75,47.25,2,0,1,2,2,2,2,2,2,1
827,-0.533888667,-0.119144551,99.75,50.75,2,2,1,2,2,2,2,2,2,1
828,-0.218978825,0.163216234,99.75,54.25,2,2,1,0,2,2,2,2,2,1
829,0.993996356,0.406479508,99.75,57.75,2,2,1,0,2,2,2,2,2,1
830,-1.592417484,0.639339996,99.75,61.25,2,2,0,1,2,2,2,2,2,1
831,2.334379628,-1.508517637,99.75,64.75,2,2,0,1,2,2,2,2,2,1
832,-2.294346877,0.007670604,99.75,68.25,2,2,2,1,2,2,2,2,2,1
833,2.468208322,0.524168022,99.75,71.75,2,2,2,1,2,2,2,2,2,1
834,-1.771635041,1.326335872,99.75,75.25,2,2,2,1,0,2,2,2,2,1
835,1.344795297,-0.113567734,99.75,78.75,2,2,2,1,0,2,2,2,2,1
836,-0.407723036,1.599149478,99.75,82.25,2,2,2,0,1,2,2,2,2,1
837,-0.259081258,-0.281528099,99.75,85.75,2,2,2,0,1,2,2,2,2,1
838,1.341760741,-0.049898139,99.75,89.25,2,2,2,2,1,2,2,2,2,1
839,-1.542866267,0.160214127,99.75,92.75,2,2,2,2,1,2,2,2,2,1
840,2.342589608,-0.502380562,99.75,96.25,2,2,2,2,1,2,2,2,2,1
841,-2.137166754,0.715938049,99.75,99.75,2,2,2,2,1,2,2,2,2,1
