,longitude,latitude,id,y,z,synth
0,2.5,2.5,0.0,-0.844504422361366,1.37095844714667,0.0
1,5.0,2.5,1.0,-0.8385360790323835,0.4031301378752905,1.0
2,7.5,2.5,2.0,-0.8325677357034008,-0.564698171396089,0.0
3,10.0,2.5,3.0,-0.8132811809275575,-0.10078488002937502,1.0
4,12.5,2.5,4.0,-0.7939946261517141,0.363128411337339,0.0
5,15.0,2.5,5.0,-0.7621674500399116,0.49799550814918947,1.0
6,17.5,2.5,6.0,-0.730340273928109,0.63286260496104,0.0
7,20.0,2.5,7.0,-0.6859166319026805,0.5185654640510194,1.0
8,22.5,2.5,8.0,-0.641492989877252,0.4042683231409989,0.0
9,25.0,2.5,9.0,-0.5844390303947424,0.14907190352475747,1.0
10,27.5,2.5,10.0,-0.527385070912233,-0.10612451609148402,0.0
11,30.0,2.5,11.0,-0.457216763685389,0.7026987406737278,1.0
12,32.5,2.5,12.0,-0.38704845645854496,1.5115219974389398,0.0
13,35.0,2.5,13.0,-0.30473161681629096,0.7084314795129211,1.0
14,37.5,2.5,14.0,-0.222414777174037,-0.0946590384130976,0.0
15,40.0,2.5,15.0,-0.12686025324296824,0.9618823377319712,1.0
16,42.5,2.5,16.0,-0.0313057293118995,2.01842371387704,0.0
17,45.0,2.5,17.0,0.07645750335735474,0.9778548074123095,1.0
18,47.5,2.5,18.0,0.184220736026609,-0.062714099052421,0.0
19,50.0,2.5,19.0,0.305196980367917,0.6210777775855345,1.0
20,52.5,2.5,20.0,0.426173224709225,1.30486965422349,0.0
21,55.0,2.5,21.0,0.5595417431422685,1.7957575234623,1.0
22,57.5,2.5,22.0,0.692910261575312,2.28664539270111,0.0
23,60.0,2.5,23.0,0.838597384057882,0.44889234579438486,1.0
24,62.5,2.5,24.0,0.9842845065404521,-1.3888607011123402,0.0
25,65.0,2.5,25.0,1.1433001875758861,-0.8338247339648556,1.0
26,67.5,2.5,26.0,1.30231586861132,-0.278788766817371,0.0
27,70.0,2.5,27.0,1.4738945520566,-0.20605505160551452,1.0
28,72.5,2.5,28.0,1.6454732355018797,-0.133321336393658,0.0
29,75.0,2.5,29.0,1.82990734259812,0.251314530838208,1.0
30,77.5,2.5,30.0,2.0143414496943604,0.6359503980700739,0.0
31,80.0,2.5,31.0,2.21107547328027,0.17584873832700096,1.0
32,82.5,2.5,32.0,2.4078094968661805,-0.284252921416072,0.0
33,85.0,2.5,33.0,2.6174253461548553,-1.4703541711604258,1.0
34,87.5,2.5,34.0,2.82704119544353,-2.6564554209047797,0.0
35,90.0,2.5,35.0,3.04936571345665,-2.54846117474015,1.0
36,92.5,2.5,36.0,3.27169023146977,-2.44046692857552,0.0
37,95.0,2.5,37.0,3.5071771619731202,-0.560176791422665,1.0
38,97.5,2.5,38.0,3.7426640924764705,1.32011334573019,0.0
39,2.5,5.0,39.0,-0.8384965513759034,0.48914999698116185,1.0
40,5.0,5.0,40.0,-0.8386755959939559,-0.06490110290857361,1.0
41,7.5,5.0,41.0,-0.8337120452828037,-0.42171249008774947,1.0
42,10.0,5.0,42.0,-0.8252396502392925,-0.44621548665258265,1.0
43,12.5,5.0,43.0,-0.8054131171944066,0.028441239408989953,1.0
44,15.0,5.0,44.0,-0.7863328213716044,0.4275308512115896,1.0
45,17.5,5.0,45.0,-0.7516911919088466,0.6583258255090877,1.0
46,20.0,5.0,46.0,-0.7222165002022977,0.8873150630166194,1.0
47,22.5,5.0,47.0,-0.6728448567343885,0.770882842999673,1.0
48,25.0,5.0,48.0,-0.6330376830263343,0.44713714720545256,1.0
49,27.5,5.0,49.0,-0.5687967133926237,0.15246282874125078,1.0
50,30.0,5.0,50.0,-0.5183020968016878,0.2621367560645506,1.0
51,32.5,5.0,51.0,-0.43895189823576575,0.5855039181842419,1.0
52,35.0,5.0,52.0,-0.3781103404788036,0.1150609814598826,1.0
53,37.5,5.0,53.0,-0.28403434489667334,-0.014489464980620514,1.0
54,40.0,5.0,54.0,-0.21246848099292417,0.26134863630863064,1.0
55,42.5,5.0,55.0,-0.10326360095022744,0.9359213700322444,1.0
56,45.0,5.0,56.0,-0.021349933153189043,0.6149313785233875,1.0
57,47.5,5.0,57.0,0.10249156462368414,0.30223099770173834,1.0
58,50.0,5.0,58.0,0.19508186769396837,0.3301532629565737,1.0
59,52.5,5.0,59.0,0.334093995966005,0.9014616682938235,1.0
60,55.0,5.0,60.0,0.4372012536479333,1.241503616525127,1.0
61,57.5,5.0,61.0,0.5908525550003076,1.2955272431423484,1.0
62,60.0,5.0,62.0,0.704270110449512,0.7303575232873737,1.0
63,62.5,5.0,63.0,0.8726832023137415,-0.0016664088051034475,1.0
64,65.0,5.0,64.0,0.9966735422501576,-0.3461605773561602,1.0
65,67.5,5.0,65.0,1.1801355632017068,-0.4547511010302225,1.0
66,70.0,5.0,66.0,1.3148357521706509,-0.19614791799266787,1.0
67,72.5,5.0,67.0,1.5133625020930161,0.04414906962886751,1.0
68,75.0,5.0,68.0,1.6584706843124462,-0.06899348227197977,1.0
69,77.5,5.0,69.0,1.8717665795469334,-0.1445776988220074,1.0
70,80.0,5.0,70.0,2.0272852408258726,-0.3530831952156401,1.0
71,82.5,5.0,71.0,2.25545521096904,-0.5432601115689266,1.0
72,85.0,5.0,72.0,2.4214969373213577,-1.0982815379343698,1.0
73,87.5,5.0,73.0,2.6645798138305827,-1.7248919797832485,1.0
74,90.0,5.0,74.0,2.841197848130026,-2.105898458021141,1.0
75,92.5,5.0,75.0,3.0992742425665334,-2.013842200541221,1.0
76,95.0,5.0,76.0,3.2866304084291005,-1.0120762696439318,1.0
77,97.5,5.0,77.0,3.4521270317910755,-0.05400427711103782,1.0
78,2.5,7.5,78.0,-0.8324491527339609,-0.306638594078475,0.0
79,5.0,7.5,79.0,-0.837766596028669,-0.4170821248147273,1.0
80,7.5,7.5,80.0,-0.845499634756721,-1.78130843398,0.0
81,10.0,7.5,81.0,-0.8284494252173562,-0.5585425054141926,1.0
82,12.5,7.5,82.0,-0.8323826786135571,-0.171917355759621,0.0
83,15.0,7.5,83.0,-0.7939037182780686,0.43141105190852935,1.0
84,17.5,7.5,84.0,-0.7936987823019279,1.2146746991726,0.0
85,20.0,7.5,85.0,-0.7341220924884861,1.0852783783925901,1.0
86,22.5,7.5,86.0,-0.7301591312949699,1.89519346126497,0.0
87,25.0,7.5,87.0,-0.6493486806785473,0.5670414297210293,1.0
88,27.5,7.5,88.0,-0.6419050189444201,-0.43046913160620004,0.0
89,30.0,7.5,89.0,-0.5390832569582826,0.062472997722982614,1.0
90,32.5,7.5,90.0,-0.527460557416916,-0.25726938276893,0.0
91,35.0,7.5,91.0,-0.40332237555988515,-0.26687140666004117,1.0
92,37.5,7.5,92.0,-0.38805473677126706,-1.76316308519478,0.0
93,40.0,7.5,93.0,-0.2419924416343584,-0.024057037800650872,1.0
94,42.5,7.5,94.0,-0.22214104456070002,0.460097354831271,0.0
95,45.0,7.5,95.0,-0.055266095504140675,0.3346372450257046,1.0
96,47.5,7.5,96.0,-0.032067463480271,-0.639994875960119,0.0
97,50.0,7.5,97.0,0.1568152257440065,0.26986023524664715,1.0
98,52.5,7.5,98.0,0.184476163916646,0.455450123241219,0.0
99,55.0,7.5,99.0,0.394527220221807,0.9197559976862675,1.0
100,57.5,7.5,100.0,0.42601213257814297,0.7048373372288191,0.0
101,60.0,7.5,101.0,0.657356364657336,0.7528318433646716,1.0
102,62.5,7.5,102.0,0.692963822944976,1.03510352196992,0.0
103,65.0,7.5,103.0,0.9453899592450303,-0.0752801881257554,1.0
104,67.5,7.5,104.0,0.9844936655145698,-0.6089263754072111,0.0
105,70.0,7.5,105.0,1.259105822223555,-0.14214424030065279,1.0
106,72.5,7.5,106.0,1.30270162813783,0.50495512329797,0.0
107,75.0,7.5,107.0,1.5982678683879392,-0.276295133448098,1.0
108,77.5,7.5,108.0,1.64503794784947,-1.71700867907334,0.0
109,80.0,7.5,109.0,1.9626450953818673,-0.7084777386118821,1.0
110,82.5,7.5,110.0,2.01368049771802,-0.784459008379496,0.0
111,85.0,7.5,111.0,2.352556467323104,-1.0003600463685118,1.0
112,87.5,7.5,112.0,2.40756987677652,-0.8509075941765178,0.0
113,90.0,7.5,113.0,2.7679124078213526,-1.8219495764937517,1.0
114,92.5,7.5,114.0,2.8269402578031,-2.41420764994663,0.0
115,95.0,7.5,115.0,3.1874016809750843,-1.091601558070113,1.0
116,97.5,7.5,116.0,3.27203646428561,0.0361226068922556,0.0
117,2.5,10.0,117.0,-0.8214289830920168,-0.17257403956431608,1.0
118,5.0,10.0,118.0,-0.8272818081874721,-0.47211031513098844,1.0
119,7.5,10.0,119.0,-0.8342945492380525,-0.7180201355777149,1.0
120,10.0,10.0,120.0,-0.8362924445635539,-0.472113748930113,1.0
121,12.5,10.0,121.0,-0.8271362728456257,-0.002599864499175997,1.0
122,15.0,10.0,122.0,-0.8207346632609038,0.25050448990754576,1.0
123,17.5,10.0,123.0,-0.7950185372600075,0.45103275846093815,1.0
124,20.0,10.0,124.0,-0.7800508375984178,0.42519890429920554,1.0
125,22.5,10.0,125.0,-0.7376707588669771,0.520886225851701,1.0
126,25.0,10.0,126.0,-0.7140307252889428,0.2695314944501545,1.0
127,27.5,10.0,127.0,-0.6549590783088941,0.18027896323533668,1.0
128,30.0,10.0,128.0,-0.622649527202498,-0.13726028395246095,1.0
129,32.5,10.0,129.0,-0.5469154518099557,-0.28206425036902427,1.0
130,35.0,10.0,130.0,-0.5057736158216506,-0.3227766732430329,1.0
131,37.5,10.0,131.0,-0.41319404024936884,-0.186553388235451,1.0
132,40.0,10.0,132.0,-0.36332961420724086,-0.08350351621528429,1.0
133,42.5,10.0,133.0,-0.25409951729490154,0.05114556864553908,1.0
134,45.0,10.0,134.0,-0.19556656111133788,0.0716811622218763,1.0
135,47.5,10.0,135.0,-0.06962834992233782,0.13836632998726323,1.0
136,50.0,10.0,136.0,-0.0023440651528174226,0.20020916018686075,1.0
137,52.5,10.0,137.0,0.140374286562928,0.43344015631298827,1.0
138,55.0,10.0,138.0,0.2162800731965303,0.34192832313214433,1.0
139,57.5,10.0,139.0,0.37561390769369524,0.3871029121063055,1.0
140,60.0,10.0,140.0,0.4603385100614805,0.6119606989302202,1.0
141,62.5,10.0,141.0,0.6364479483177792,0.7800686791862071,1.0
142,65.0,10.0,142.0,0.7297196584510696,0.5582654105220762,1.0
143,67.5,10.0,143.0,0.9223081150876429,0.0749627824811546,1.0
144,70.0,10.0,144.0,1.0243784424234381,0.09358454039803042,1.0
145,72.5,10.0,145.0,1.233856742949161,0.053972187309371075,1.0
146,75.0,10.0,146.0,1.344548110148492,-0.1780108513371714,1.0
147,77.5,10.0,147.0,1.5706187083522558,-0.5206483310358058,1.0
148,80.0,10.0,148.0,1.6900728143517654,-0.4624590322922983,1.0
149,82.5,10.0,149.0,1.9329629983180454,-0.4552934019193834,1.0
150,85.0,10.0,150.0,2.0611191865711564,-0.38698305803492605,1.0
151,87.5,10.0,151.0,2.3206486201935825,-0.7940734776989252,1.0
152,90.0,10.0,152.0,2.4575055266104173,-1.4640659158149454,1.0
153,92.5,10.0,153.0,2.7295273415604244,-1.9569829566956742,1.0
154,95.0,10.0,154.0,2.875200607666926,-1.3558127812404057,1.0
155,97.5,10.0,155.0,3.040514954928198,-0.5316021947219011,1.0
156,2.5,12.5,156.0,-0.7940712005134208,0.20599860020025398,0.0
157,5.0,12.5,157.0,-0.8219103646062014,-0.30355263772428626,1.0
158,7.5,12.5,158.0,-0.8324752820000442,-0.36105729854866603,0.0
159,10.0,12.5,159.0,-0.8349703292405739,-0.15912556237123057,1.0
160,12.5,12.5,160.0,-0.8446530975555929,0.7581632356995172,0.0
161,15.0,12.5,161.0,-0.8240352001785561,0.14607915849845005,1.0
162,17.5,12.5,162.0,-0.8326334299706508,-0.726704827076575,0.0
163,20.0,12.5,163.0,-0.7880093231941034,-0.13957359657680407,1.0
164,22.5,12.5,164.0,-0.794673052274464,-1.36828104441929,0.0
165,25.0,12.5,165.0,-0.7263522648827113,0.007046733001323802,1.0
166,27.5,12.5,166.0,-0.730427709674278,0.43281802588871704,0.0
167,30.0,12.5,167.0,-0.6394026617815645,-0.12352414427682068,1.0
168,32.5,12.5,168.0,-0.642061541912197,-0.811393176186672,0.0
169,35.0,12.5,169.0,-0.526954336250571,-0.031737245262585964,1.0
170,37.5,12.5,170.0,-0.5268270314596829,1.44410126172125,0.0
171,40.0,12.5,171.0,-0.38904371875585236,0.15874874466054179,1.0
172,42.5,12.5,172.0,-0.387768390568068,-0.43144620261334493,0.0
173,45.0,12.5,173.0,-0.22582393483131824,0.09707894832870814,1.0
174,47.5,12.5,174.0,-0.22205685525994603,0.655647883402207,0.0
175,50.0,12.5,175.0,-0.0370516191374351,0.34991775901865324,1.0
176,52.5,12.5,176.0,-0.0316031119150022,0.32192526520394704,0.0
177,55.0,12.5,177.0,0.1769117806705623,0.140111543175002,1.0
178,57.5,12.5,178.0,0.18389374781466,-0.7838389408803751,0.0
179,60.0,12.5,179.0,0.4164970397135376,0.5142041738268676,1.0
180,62.5,12.5,180.0,0.42619108468007294,1.57572751979198,0.0
181,65.0,12.5,181.0,0.6814996553081107,0.7263847395397468,1.0
182,67.5,12.5,182.0,0.692831470003989,0.642899305717316,0.0
183,70.0,12.5,183.0,0.9716409448074546,0.19103589250109557,1.0
184,72.5,12.5,184.0,0.984829953573042,0.0897606465996057,0.0
185,75.0,12.5,185.0,1.2872896070032922,-0.05567512023450747,1.0
186,77.5,12.5,186.0,1.30259451999351,0.276550747291463,0.0
187,80.0,12.5,187.0,1.6284218315662096,-0.09651224038015065,1.0
188,82.5,12.5,188.0,1.6458601168154698,0.679288816055271,0.0
189,85.0,12.5,189.0,1.9949352168748071,-0.17344564700377638,1.0
190,87.5,12.5,190.0,2.01408516247578,0.0898328865790817,0.0
191,90.0,12.5,191.0,2.3859286970864746,-1.4236759093566786,1.0
192,92.5,12.5,192.0,2.40787683459217,-2.9930900831529303,0.0
193,95.0,12.5,193.0,2.7761081611065777,-1.3105210124560505,1.0
194,97.5,12.5,194.0,2.82742106678517,0.284882953530659,0.0
195,2.5,15.0,195.0,-0.7822683163943207,-0.15492956008833572,1.0
196,5.0,15.0,196.0,-0.7926050170738819,-0.13259082900606667,1.0
197,7.5,15.0,197.0,-0.815208509557333,-0.1542191525569281,1.0
198,10.0,15.0,198.0,-0.8255675298628931,0.14180258574230142,1.0
199,12.5,15.0,199.0,-0.8322485125590934,0.293748628986909,1.0
200,15.0,15.0,200.0,-0.8350147285971518,0.4088077917944147,1.0
201,17.5,15.0,201.0,-0.8248388814603258,0.21766907078643305,1.0
202,20.0,15.0,202.0,-0.8195483442072947,-0.2240742715780036,1.0
203,22.5,15.0,203.0,-0.792243327508326,-0.49043484780944785,1.0
204,25.0,15.0,204.0,-0.7783358461333649,-0.1406000934615037,1.0
205,27.5,15.0,205.0,-0.7336407103898545,0.2956566306391713,1.0
206,30.0,15.0,206.0,-0.7116151794557702,0.23865801464343495,1.0
207,32.5,15.0,207.0,-0.6501014205798954,-0.07842968626611393,1.0
208,35.0,15.0,208.0,-0.6196121130594381,0.3161492287425954,1.0
209,37.5,15.0,209.0,-0.5407384328360905,0.5851536177118842,1.0
210,40.0,15.0,210.0,-0.5020931936750902,0.6192986814114328,1.0
211,42.5,15.0,211.0,-0.40633117232125376,0.2728817480155968,1.0
212,45.0,15.0,212.0,-0.3593545551852763,0.3726281847151125,1.0
213,47.5,15.0,213.0,-0.24630146375382153,0.4392301876663086,1.0
214,50.0,15.0,214.0,-0.19117321313666333,0.24074671993168797,1.0
215,52.5,15.0,215.0,-0.06114440758343627,0.0019164697522880303,1.0
216,55.0,15.0,216.0,0.002240405122398524,-0.24219849798794912,1.0
217,57.5,15.0,217.0,0.14954665389348173,-0.09238162169543228,1.0
218,60.0,15.0,218.0,0.22147803200611108,0.29117381773864626,1.0
219,62.5,15.0,219.0,0.3860430362992993,0.7462016825793569,1.0
220,65.0,15.0,220.0,0.4660638259284798,0.5602013419759334,1.0
221,67.5,15.0,221.0,0.6474608471077554,0.2333995843923496,1.0
222,70.0,15.0,222.0,0.7357159585058008,-0.05654279052263905,1.0
223,72.5,15.0,223.0,0.9343481319882821,-0.07485003724606046,1.0
224,75.0,15.0,224.0,1.0310649617226146,0.04565898658638764,1.0
225,77.5,15.0,225.0,1.2468868564022733,0.15020377418897493,1.0
226,80.0,15.0,226.0,1.3519392650300255,0.39311772211197193,1.0
227,82.5,15.0,227.0,1.5847930667926922,0.3141254777235814,1.0
228,85.0,15.0,228.0,1.6980417711695983,0.35695797662148604,1.0
229,87.5,15.0,229.0,1.94775180159771,-0.13731262092394406,1.0
230,90.0,15.0,230.0,2.0691761015855037,-0.8143757392873304,1.0
231,92.5,15.0,231.0,2.3305471495499455,-1.4854878083325336,1.0
232,95.0,15.0,232.0,2.4605163792927134,-1.248295524411399,1.0
233,97.5,15.0,233.0,2.61788617938197,-0.8434286204961626,1.0
234,2.5,17.5,234.0,-0.73082338406334,-0.36723464274097495,0.0
235,5.0,17.5,235.0,-0.7829973563909679,-0.12474872390533928,1.0
236,7.5,17.5,236.0,-0.7940815548659641,0.18523056486560896,0.0
237,10.0,17.5,237.0,-0.8198245025606269,0.2096772708806797,1.0
238,12.5,17.5,238.0,-0.832016405957851,0.5818237273655071,0.0
239,15.0,17.5,239.0,-0.8337240507871178,0.5803572092451887,1.0
240,17.5,17.5,240.0,-0.8445017253611671,1.3997368272926798,0.0
241,20.0,17.5,241.0,-0.8227531863040343,0.03512094384343929,1.0
242,22.5,17.5,242.0,-0.832633652983057,-0.727292059474465,0.0
243,25.0,17.5,243.0,-0.7861077212983911,0.047974452387578956,1.0
244,27.5,17.5,244.0,-0.7936850694773531,1.30254263204414,0.0
245,30.0,17.5,245.0,-0.7239031526804494,0.4188551421625412,1.0
246,32.5,17.5,246.0,-0.7304733834993741,0.33584811975207396,0.0
247,35.0,17.5,247.0,-0.6364360629259412,0.4394454757276119,1.0
248,37.5,17.5,248.0,-0.6412549646549079,1.03850609869762,0.0
249,40.0,17.5,249.0,-0.5234688774526564,0.687313742825436,1.0
250,42.5,17.5,250.0,-0.52692662377594,0.920728568290646,0.0
251,45.0,17.5,251.0,-0.3852268338782847,0.5452693703109052,1.0
252,47.5,17.5,252.0,-0.38722035435513197,0.7208781628668621,0.0
253,50.0,17.5,253.0,-0.2217290626455392,0.07193052032985929,1.0
254,52.5,17.5,254.0,-0.222805874398643,-1.04311893856785,0.0
255,55.0,17.5,255.0,-0.03279458536398974,-0.29319379502193,1.0
256,57.5,17.5,256.0,-0.0318097038537497,-0.0901863866107067,0.0
257,60.0,17.5,257.0,0.1819614776267613,0.29566513080228163,1.0
258,62.5,17.5,258.0,0.18454936978866399,0.623518161999544,0.0
259,65.0,17.5,259.0,0.42187708372298827,0.24195948263496797,1.0
260,67.5,17.5,260.0,0.425268339490743,-0.9535233577723441,0.0
261,70.0,17.5,261.0,0.6870114946288806,-0.2788690831445102,1.0
262,72.5,17.5,262.0,0.6922641960518211,-0.542828814573857,0.0
263,75.0,17.5,263.0,0.9779255015781463,0.031836081327425436,1.0
264,77.5,17.5,264.0,0.9850633617257399,0.580996497681682,0.0
265,80.0,17.5,265.0,1.2942982907255363,0.4413244419081603,1.0
266,82.5,17.5,266.0,1.30280890367695,0.768178737834591,0.0
267,85.0,17.5,267.0,1.635832740723768,0.3531434319591763,1.0
268,87.5,17.5,268.0,1.6457681603818899,0.4637675885401671,0.0
269,90.0,17.5,269.0,2.0013778332988097,-0.571836975482664,1.0
270,92.5,17.5,270.0,2.013645953379,-0.8857762974096791,0.0
271,95.0,17.5,271.0,2.3660189543894097,-1.112553829859527,1.0
272,97.5,17.5,272.0,2.40749911034342,-1.09978089864786,0.0
273,2.5,20.0,273.0,-0.7183354137256016,0.3402412143862052,1.0
274,5.0,20.0,274.0,-0.7329890765077239,0.3006861433237435,1.0
275,7.5,20.0,275.0,-0.772080747920651,0.16575333853934476,1.0
276,10.0,20.0,276.0,-0.7904407887667447,0.248141094723793,1.0
277,12.5,20.0,277.0,-0.8140272040179486,0.34168790627495105,1.0
278,15.0,20.0,278.0,-0.8251261140683646,0.47852489363313727,1.0
279,17.5,20.0,279.0,-0.8316924205578766,0.4745686672950713,1.0
280,20.0,20.0,280.0,-0.834902211999831,-0.022181842290482257,1.0
281,22.5,20.0,281.0,-0.8243744066218927,-0.3721414801388918,1.0
282,25.0,20.0,282.0,-0.8190466388502791,-0.055208075383630116,1.0
283,27.5,20.0,283.0,-0.7909492609006608,0.46523220985020347,1.0
284,30.0,20.0,284.0,-0.7775498759001823,0.4862225260171374,1.0
285,32.5,20.0,285.0,-0.7325294283304745,0.29264628358256867,1.0
286,35.0,20.0,286.0,-0.7109519626278337,0.28442490428023853,1.0
287,37.5,20.0,287.0,-0.6485690274742437,0.45338670303979683,1.0
288,40.0,20.0,288.0,-0.6187062038987642,0.641754122515456,1.0
289,42.5,20.0,289.0,-0.5391225998661207,0.7456824265027207,1.0
290,45.0,20.0,290.0,-0.5011233111955377,0.7812796611750904,1.0
291,47.5,20.0,291.0,-0.4044517114094569,0.5882261650381932,1.0
292,50.0,20.0,292.0,-0.3583702756257372,0.42530089935159726,1.0
293,52.5,20.0,293.0,-0.24455109080135404,0.1106070124051893,1.0
294,55.0,20.0,294.0,-0.19026943840220858,-0.06665827581928356,1.0
295,57.5,20.0,295.0,-0.05910239400316815,-0.12610944994086254,1.0
296,60.0,20.0,296.0,0.003590474101326313,0.14617701565364785,1.0
297,62.5,20.0,297.0,0.15210444406236884,0.3915336703633493,1.0
298,65.0,20.0,298.0,0.2228492890190271,0.3908244957236371,1.0
299,67.5,20.0,299.0,0.38835177776778657,0.1583003987663502,1.0
300,70.0,20.0,300.0,0.4671459779946505,-0.22276654663037684,1.0
301,72.5,20.0,301.0,0.6499149096609752,-0.42468344849384376,1.0
302,75.0,20.0,302.0,0.7370894404717866,-0.3877101917307226,1.0
303,77.5,20.0,303.0,0.9373035780527736,-0.03886915153825941,1.0
304,80.0,20.0,304.0,1.0326566260063437,-0.040150123640906386,1.0
305,82.5,20.0,305.0,1.2499841774454006,0.07815156144145026,1.0
306,85.0,20.0,306.0,1.3534448227208868,-0.15461856009679756,1.0
307,87.5,20.0,307.0,1.5876748370256528,-0.27375170291650364,1.0
308,90.0,20.0,308.0,1.6993331367579436,-0.4411381389216531,1.0
309,92.5,20.0,309.0,1.9451914572569127,-0.5862645376864724,1.0
310,95.0,20.0,310.0,2.065380890592415,-0.4918647784521979,1.0
311,97.5,20.0,311.0,2.2133118537628986,-0.5127487918275988,1.0
312,2.5,22.5,312.0,-0.6411855007224971,1.5127070098049298,0.0
313,5.0,22.5,313.0,-0.7190203976308891,0.5154618287172508,1.0
314,7.5,22.5,314.0,-0.730511249277972,0.257921437532031,0.0
315,10.0,22.5,315.0,-0.7802380524001438,0.22038880124594126,1.0
316,12.5,22.5,316.0,-0.7941302720174029,0.0884402291595864,0.0
317,15.0,22.5,317.0,-0.8194666073860585,0.25246503176473145,1.0
318,17.5,22.5,318.0,-0.8323570262686999,-0.12089653753908901,0.0
319,20.0,22.5,319.0,-0.83376026519449,-0.24699601756678433,1.0
320,22.5,22.5,320.0,-0.84547526052415,-1.19432889516053,0.0
321,25.0,22.5,321.0,-0.8223698578187626,-0.10888986855849225,1.0
322,27.5,22.5,322.0,-0.8320037221968309,0.6119968980403871,0.0
323,30.0,22.5,323.0,-0.7854633907949149,0.32779161434875514,1.0
324,32.5,22.5,324.0,-0.7942846666464258,-0.217139845746521,0.0
325,35.0,22.5,325.0,-0.7234136709577714,0.12611226776483223,1.0
326,37.5,22.5,326.0,-0.7307332697098791,-0.182756706331922,0.0
327,40.0,22.5,327.0,-0.6356831122547931,0.5182825748594423,1.0
328,42.5,22.5,328.0,-0.641284460324958,0.93334632857116,0.0
329,45.0,22.5,329.0,-0.5225882155537728,0.7740615383590826,1.0
330,47.5,22.5,330.0,-0.526958994972791,0.821773110508249,0.0
331,50.0,22.5,331.0,-0.38427754575644,0.6676047126474998,1.0
332,52.5,22.5,332.0,-0.38705565597286107,1.39211637593427,0.0
333,55.0,22.5,333.0,-0.22071565984044916,0.16675634790492783,1.0
334,57.5,22.5,334.0,-0.22259972002265396,-0.47617392305467404,0.0
335,60.0,22.5,335.0,-0.03149267615800451,0.11715517474955313,1.0
336,62.5,22.5,336.0,-0.0314561849278956,0.650348560726305,0.0
337,65.0,22.5,337.0,0.18332040157971616,0.5964235163939284,1.0
338,67.5,22.5,338.0,0.18475268197729397,1.39111045639,0.0
339,70.0,22.5,339.0,0.4230785450904168,-0.04176560388315407,1.0
340,72.5,22.5,340.0,0.425227378051378,-1.1107888794479,0.0
341,75.0,22.5,341.0,0.6883353203999145,-0.5645688516177136,1.0
342,77.5,22.5,342.0,0.6921412957626588,-0.8607925868778421,0.0
343,80.0,22.5,343.0,0.9792820006723162,-0.3986797962938656,1.0
344,82.5,22.5,344.0,0.984324326094404,-1.1317386808537702,0.0
345,85.0,22.5,345.0,1.2954757582578509,-0.5882342763856042,1.0
346,87.5,22.5,346.0,1.3019506280029098,-1.4592139995023998,0.0
347,90.0,22.5,347.0,1.6359462935005638,-0.5360771651571736,1.0
348,92.5,22.5,348.0,1.6455814084594,0.0799825532411612,0.0
349,95.0,22.5,349.0,1.9767628139595952,-0.1715382430151836,1.0
350,97.5,22.5,350.0,2.01434845972635,0.6532043396491899,0.0
351,2.5,25.0,351.0,-0.6290210737157181,1.076378071373557,1.0
352,5.0,25.0,352.0,-0.6479748177385595,0.9346974683656647,1.0
353,7.5,25.0,353.0,-0.7037995758676152,0.5946441246057236,1.0
354,10.0,25.0,354.0,-0.7301669973663835,0.20048950547852704,1.0
355,12.5,25.0,355.0,-0.7710142803029287,-0.048285015838212764,1.0
356,15.0,25.0,356.0,-0.7902873367021123,0.169499493729986,1.0
357,17.5,25.0,357.0,-0.8139115194888579,0.38051077441231884,1.0
358,20.0,25.0,358.0,-0.8253000841097718,-3.638231919067536e-07,1.0
359,22.5,25.0,359.0,-0.8319031077873357,-0.44339771077336304,1.0
360,25.0,25.0,360.0,-0.8348851783950012,-0.282646528792291,1.0
361,27.5,25.0,361.0,-0.8239342399917865,0.1307531854988856,1.0
362,30.0,25.0,362.0,-0.8188565163620156,0.08944329712145331,1.0
363,32.5,25.0,363.0,-0.790904454509968,-0.019209709676067277,1.0
364,35.0,25.0,364.0,-0.7776795478883489,-0.13960000796891753,1.0
365,37.5,25.0,365.0,-0.7323493597056258,0.0399375912736928,1.0
366,40.0,25.0,366.0,-0.7108055341842032,0.22910877515315,1.0
367,42.5,25.0,367.0,-0.648181425542071,0.5285984502888667,1.0
368,45.0,25.0,368.0,-0.6185318993588617,0.5608555700376437,1.0
369,47.5,25.0,369.0,-0.5387978300017628,0.5886911779098962,1.0
370,50.0,25.0,370.0,-0.5010110842305749,0.5940422973549196,1.0
371,52.5,25.0,371.0,-0.4040807860225943,0.559085436594843,1.0
372,55.0,25.0,372.0,-0.35821613674082364,0.28746073574233283,1.0
373,57.5,25.0,373.0,-0.24410504140713368,0.04065421265683454,1.0
374,60.0,25.0,374.0,-0.18995975506427232,-0.00756308047110273,1.0
375,62.5,25.0,375.0,-0.05843842163333306,0.1741857871104032,1.0
376,65.0,25.0,376.0,0.003927516389858595,0.3037359923476775,1.0
377,67.5,25.0,377.0,0.15261393199537293,0.3490574461121096,1.0
378,70.0,25.0,378.0,0.2229015733269376,-0.2629504652386097,1.0
379,72.5,25.0,379.0,0.3886578409552464,-0.7282345760204374,1.0
380,75.0,25.0,380.0,0.4672669015741892,-0.8846362834587534,1.0
381,77.5,25.0,381.0,0.6505037409554861,-0.6182022490243986,1.0
382,80.0,25.0,382.0,0.7373369995796084,-0.6507328829669157,1.0
383,82.5,25.0,383.0,0.9377393064457225,-0.6564071788755911,1.0
384,85.0,25.0,384.0,1.0327947025059914,-0.27439223219172765,1.0
385,87.5,25.0,385.0,1.2502336261755886,-0.03120533457842125,1.0
386,90.0,25.0,386.0,1.3534451997952868,-0.10112319614029237,1.0
387,92.5,25.0,387.0,1.582738841947495,-0.4181744564522417,1.0
388,95.0,25.0,388.0,1.694500060297648,-0.18023096986803122,1.0
389,97.5,25.0,389.0,1.8328054194135035,0.10967283633114551,1.0
390,2.5,27.5,390.0,-0.526857322793768,1.20096537559849,0.0
391,5.0,27.5,391.0,-0.6297812304812346,0.9702872254222331,1.0
392,7.5,27.5,392.0,-0.6412533622905121,1.0447510871677301,0.0
393,10.0,27.5,393.0,-0.7154607376344189,0.15767821091478362,1.0
394,12.5,27.5,394.0,-0.7310694723446551,-1.00320864683985,0.0
395,15.0,27.5,395.0,-0.7799937941462967,0.26939970142739844,1.0
396,17.5,27.5,396.0,-0.7936863618929291,1.84848190167275,0.0
397,20.0,27.5,397.0,-0.8194822289136796,0.22376423854613942,1.0
398,22.5,27.5,398.0,-0.832610071289504,-0.666773408757817,0.0
399,25.0,27.5,399.0,-0.8336563296434101,-0.23131013007370327,1.0
400,27.5,27.5,400.0,-0.844949050753423,0.10551381245606899,0.0
401,30.0,27.5,401.0,-0.8222296578811813,-0.02315105929370308,1.0
402,32.5,27.5,402.0,-0.832504027788713,-0.42225588186885604,0.0
403,35.0,27.5,403.0,-0.7855349175219983,-0.13269563603902382,1.0
404,37.5,27.5,404.0,-0.7942371977173359,-0.122350171954971,0.0
405,40.0,27.5,405.0,-0.7232238645083728,0.17269753585244732,1.0
406,42.5,27.5,406.0,-0.7305458053926278,0.18819303450149802,0.0
407,45.0,27.5,407.0,-0.6355378909324545,0.3970998381469821,1.0
408,47.5,27.5,408.0,-0.641632494366949,0.11916095799700599,0.0
409,50.0,27.5,409.0,-0.5225732357869054,0.3671774637978524,1.0
410,52.5,27.5,410.0,-0.5273439843126461,-0.0250925508674029,0.0
411,55.0,27.5,411.0,-0.384249392551387,0.19403611241372812,1.0
412,57.5,27.5,412.0,-0.38750101427373707,0.108072727942033,0.0
413,60.0,27.5,413.0,-0.22052162519493704,-0.0340171177217,1.0
414,62.5,27.5,414.0,-0.222603893596209,-0.485435235846668,0.0
415,65.0,27.5,415.0,-0.03130207038094628,-0.03253462819287635,1.0
416,67.5,27.5,416.0,-0.0320094850604209,-0.504217130687904,0.0
417,70.0,27.5,417.0,0.1831820498249442,-0.5614887611499303,1.0
418,72.5,27.5,418.0,0.183746387907585,-1.66109907991481,0.0
419,75.0,27.5,419.0,0.4231336115521717,-0.8549011830584435,1.0
420,77.5,27.5,420.0,0.42549318636835204,-0.38233372687381795,0.0
421,80.0,27.5,421.0,0.6886701361947204,-0.5640652591237046,1.0
422,82.5,27.5,422.0,0.692277447624433,-0.5126502578778,0.0
423,85.0,27.5,423.0,0.9796091662724724,0.2454471993642519,1.0
424,87.5,27.5,424.0,0.985000748610627,2.7018910003447996,0.0
425,90.0,27.5,425.0,1.2946753821103254,0.1578543563968248,1.0
426,92.5,27.5,426.0,1.3019584940226299,-1.3621162311897201,0.0
427,95.0,27.5,427.0,1.6115226318703393,-0.3427185205240481,1.0
428,97.5,27.5,428.0,1.6456103436704201,0.13725621855860698,0.0
429,2.5,30.0,429.0,-0.5149003842261779,0.22587584456814427,1.0
430,5.0,30.0,430.0,-0.538115307921089,0.0796364540005845,1.0
431,7.5,30.0,431.0,-0.6104895173317129,0.15638344721370628,1.0
432,10.0,30.0,432.0,-0.6446232894416419,-0.1650215427972372,1.0
433,12.5,30.0,433.0,-0.7025553984568509,-0.12328997821957961,1.0
434,15.0,30.0,434.0,-0.7300003989269146,0.019907704892281514,1.0
435,17.5,30.0,435.0,-0.7708460903766665,0.2729828823309065,1.0
436,20.0,30.0,436.0,-0.7903114186978554,0.11333231076720567,1.0
437,22.5,30.0,437.0,-0.8140472280510579,-0.11256192076457669,1.0
438,25.0,30.0,438.0,-0.8253242631070874,-0.22253552381175853,1.0
439,27.5,30.0,439.0,-0.8317332217158782,-0.15994835642978217,1.0
440,30.0,30.0,440.0,-0.8348696746580422,-0.2569619955019304,1.0
441,32.5,30.0,441.0,-0.8240867120929405,-0.28974723583060163,1.0
442,35.0,30.0,442.0,-0.8190684462355015,-0.6008997295936762,1.0
443,37.5,30.0,443.0,-0.7909633931320921,-0.5415851694308668,1.0
444,40.0,30.0,444.0,-0.777729351601745,-0.5920784278018321,1.0
445,42.5,30.0,445.0,-0.7323380443235978,-0.21176719393217894,1.0
446,45.0,30.0,446.0,-0.7108762808898715,-0.09209081208812415,1.0
447,47.5,30.0,447.0,-0.6482340086233982,0.19417277779433087,1.0
448,50.0,30.0,448.0,-0.618625586622974,0.23375928071054322,1.0
449,52.5,30.0,449.0,-0.5388423709562092,0.2675001800956512,1.0
450,55.0,30.0,450.0,-0.5011546909567669,0.10320995174234493,1.0
451,57.5,30.0,451.0,-0.4041996902232632,-0.024315135835413792,1.0
452,60.0,30.0,452.0,-0.3583256262412453,-0.15475153849164544,1.0
453,62.5,30.0,453.0,-0.2440618042866351,-0.1413351272375077,1.0
454,65.0,30.0,454.0,-0.18990694330149518,-0.006761599086605822,1.0
455,67.5,30.0,455.0,-0.05838900987656803,0.0035775048525306997,1.0
456,70.0,30.0,456.0,0.0038935564770456953,-0.026747013423992255,1.0
457,72.5,30.0,457.0,0.1525391204586805,-0.3328760589141973,1.0
458,75.0,30.0,458.0,0.222908763924744,-0.4814113456984832,1.0
459,77.5,30.0,459.0,0.38880119575400146,-0.6759650566320539,1.0
460,80.0,30.0,460.0,0.4674442615947325,-0.5582412715272289,1.0
461,82.5,30.0,461.0,0.6507248669166456,-0.30136582988293176,1.0
462,85.0,30.0,462.0,0.7377060515685727,0.5362501587696404,1.0
463,87.5,30.0,463.0,0.9379984211304773,0.9685882231590434,1.0
464,90.0,30.0,464.0,1.0328646878192718,0.5329976948440578,1.0
465,92.5,30.0,465.0,1.2451151039547497,-0.29674245620783735,1.0
466,95.0,30.0,466.0,1.3485316636836104,-0.39775334247804933,1.0
467,97.5,30.0,467.0,1.4770234309641777,-0.16392128234562167,1.0
468,2.5,32.5,468.0,-0.38806259940353105,-1.49362506731629,0.0
469,5.0,32.5,469.0,-0.5158809514427641,-0.500433012594131,1.0
470,7.5,32.5,470.0,-0.52783694833131,-1.4704357414368001,0.0
471,10.0,32.5,471.0,-0.6254269704557516,-0.29553228580858076,1.0
472,12.5,32.5,472.0,-0.6416296987172421,0.12470238619700698,0.0
473,15.0,32.5,473.0,-0.7152198508962374,-0.1404672279366843,1.0
474,17.5,32.5,474.0,-0.731067668003513,-0.9966391348840369,0.0
475,20.0,32.5,475.0,-0.7800896993679866,-0.1449416953710419,1.0
476,22.5,32.5,476.0,-0.79417609171084,-0.0018226143047082,0.0
477,25.0,32.5,477.0,-0.8195575223558305,-0.18502545934732811,1.0
478,27.5,32.5,478.0,-0.8325068071942892,-0.428258881425815,0.0
479,30.0,32.5,479.0,-0.8336983396551835,-0.34971761512752486,1.0
480,32.5,32.5,480.0,-0.845295282614768,-0.6136716064494949,0.0
481,35.0,32.5,481.0,-0.8224332747505109,-0.8141163173447499,1.0
482,37.5,32.5,482.0,-0.832752539677252,-2.02467784541911,0.0
483,40.0,32.5,483.0,-0.7856873275834951,-0.9189713173887956,1.0
484,42.5,32.5,484.0,-0.794653309182789,-1.22474795035999,0.0
485,45.0,32.5,485.0,-0.7233303568320935,-0.23098334749360486,1.0
486,47.5,32.5,486.0,-0.7305501411408108,0.17951644111793802,0.0
487,50.0,32.5,487.0,-0.6355343525701052,0.2885138548283997,1.0
488,52.5,32.5,488.0,-0.6414196555071341,0.5676205944235351,0.0
489,55.0,32.5,489.0,-0.5226376271565722,0.08422764737452847,1.0
490,57.5,32.5,490.0,-0.5275717281394879,-0.492877353553475,0.0
491,60.0,32.5,491.0,-0.38434293098209393,-0.16264325421053816,1.0
492,62.5,32.5,492.0,-0.3875558060198379,6.288406535112409e-05,0.0
493,65.0,32.5,493.0,-0.22036443278989165,0.19568666119474765,1.0
494,67.5,32.5,494.0,-0.221908600464922,1.12288964337997,0.0
495,70.0,32.5,495.0,-0.031024987374821584,0.4413399637741001,1.0
496,72.5,32.5,496.0,-0.0312600034683441,1.4398557429761898,0.0
497,75.0,32.5,497.0,0.18335787147982016,-0.22950209733487292,1.0
498,77.5,32.5,498.0,0.183800280730019,-1.09711376840582,0.0
499,80.0,32.5,499.0,0.4232787855784535,-0.5500010973396423,1.0
500,82.5,32.5,500.0,0.42562332289686894,-0.117319560250177,0.0
501,85.0,32.5,501.0,0.6890106839205907,0.45753027854305495,1.0
502,87.5,32.5,502.0,0.693000757090389,1.2014984009197,0.0
503,90.0,32.5,503.0,0.9787066587892139,0.3873224564297325,1.0
504,92.5,32.5,504.0,0.984554323951182,-0.46972958056630104,0.0
505,95.0,32.5,505.0,1.271530721437212,-0.2761232293073611,1.0
506,97.5,32.5,506.0,1.30242908463234,-0.0524694849389963,0.0
507,2.5,35.0,507.0,-0.3754513330489837,-0.6933884593825036,1.0
508,5.0,35.0,508.0,-0.402932056736833,-0.8552780994788743,1.0
509,7.5,35.0,509.0,-0.4920053973720823,-0.8018716314449635,1.0
510,10.0,35.0,510.0,-0.5337331586936571,-0.6292500492140846,1.0
511,12.5,35.0,511.0,-0.6087119112309385,-0.2770462363294161,1.0
512,15.0,35.0,512.0,-0.6443144812864933,-0.2939298494876844,1.0
513,17.5,35.0,513.0,-0.7024799162066909,-0.32108455735353714,1.0
514,20.0,35.0,514.0,-0.7300610928257346,-0.3179669550099143,1.0
515,22.5,35.0,515.0,-0.7709459412893089,-0.2127251146181833,1.0
516,25.0,35.0,516.0,-0.7902918008166594,-0.021385815897626448,1.0
517,27.5,35.0,517.0,-0.8139547224370995,0.02579965031398108,1.0
518,30.0,35.0,518.0,-0.8252841965404176,-0.12224254516243932,1.0
519,32.5,35.0,519.0,-0.8318483957477021,-0.4761481851476382,1.0
520,35.0,35.0,520.0,-0.8350127178174064,-0.8071293047692839,1.0
521,37.5,35.0,521.0,-0.8242203577530477,-0.9996127635045337,1.0
522,40.0,35.0,522.0,-0.8190831620788543,-0.817386055453509,1.0
523,42.5,35.0,523.0,-0.79094473300344,-0.4990452188287593,1.0
524,45.0,35.0,524.0,-0.7776776175449399,-0.3557943186972039,1.0
525,47.5,35.0,525.0,-0.7323420247716974,-0.23502315668307622,1.0
526,50.0,35.0,526.0,-0.7108542342433178,-0.04940652577255473,1.0
527,52.5,35.0,527.0,-0.64822148903535,0.1700514191405387,1.0
528,55.0,35.0,528.0,-0.6187855288470712,-0.21053683168561296,1.0
529,57.5,35.0,529.0,-0.5391077825338975,-0.4666749228845376,1.0
530,60.0,35.0,530.0,-0.5012738577338608,-0.25108465328251833,1.0
531,62.5,35.0,531.0,-0.4040801657418541,0.18983823740054445,1.0
532,65.0,35.0,532.0,-0.3580776669761285,0.40033354565036866,1.0
533,67.5,35.0,533.0,-0.24381377665248852,0.3773208225250211,1.0
534,70.0,35.0,534.0,-0.18971608555236905,0.43998585776815763,1.0
535,72.5,35.0,535.0,-0.058247830922534716,0.3247668285022641,1.0
536,75.0,35.0,536.0,0.003801668874313153,-0.21134849115345053,1.0
537,77.5,35.0,537.0,0.15239885035729667,-0.6652435564439992,1.0
538,80.0,35.0,538.0,0.22285092176277063,-0.6126153907005293,1.0
539,82.5,35.0,539.0,0.38900247200975835,-0.16603356070492406,1.0
540,85.0,35.0,540.0,0.46770066417244216,0.09460522446311122,1.0
541,87.5,35.0,541.0,0.6507473734399147,0.26813483648078773,1.0
542,90.0,35.0,542.0,0.7374325812111584,0.00890860089363719,1.0
543,92.5,35.0,543.0,0.9328985112316159,-0.1766228165001457,1.0
544,95.0,35.0,544.0,1.0281588904470367,-0.03679369927977497,1.0
545,97.5,35.0,545.0,1.1468477817942861,0.23057220801461442,1.0
546,2.5,37.5,546.0,-0.222410448300656,-0.0861072982370896,0.0
547,5.0,37.5,547.0,-0.3761498590704616,-0.6648649012899727,1.0
548,7.5,37.5,548.0,-0.38795005989375303,-0.887679017906432,0.0
549,10.0,37.5,549.0,-0.509990080916447,-0.6081061879559269,1.0
550,12.5,37.5,550.0,-0.5275498773918039,-0.44468400488473797,0.0
551,15.0,37.5,551.0,-0.6249528135190301,-0.2732379054287227,1.0
552,17.5,37.5,552.0,-0.641707881479224,-0.0294448790882381,0.0
553,20.0,37.5,553.0,-0.7152080263974223,-0.2590180710255594,1.0
554,22.5,37.5,554.0,-0.7308453001861529,-0.413868849057924,0.0
555,25.0,37.5,555.0,-0.7799513813785512,0.09824117882168944,1.0
556,27.5,37.5,556.0,-0.793719142163535,1.1133860233681998,0.0
557,30.0,37.5,557.0,-0.8194674684132771,0.011960420343624278,1.0
558,32.5,37.5,558.0,-0.832530885177631,-0.48099284165398204,0.0
559,35.0,37.5,559.0,-0.8337656570864722,-0.6394104255352334,1.0
560,37.5,37.5,560.0,-0.8452159289365742,-0.43316903260072903,0.0
561,40.0,37.5,561.0,-0.8222867382223769,-0.4104700987670856,1.0
562,42.5,37.5,562.0,-0.8319695093399679,0.696862576552103,0.0
563,45.0,37.5,563.0,-0.7855103080861168,-0.2898737061655693,1.0
564,47.5,37.5,564.0,-0.794617655770538,-1.0563684131709101,0.0
565,50.0,37.5,565.0,-0.7233393959041048,-0.24228903032744348,1.0
566,52.5,37.5,566.0,-0.730661575699621,-0.0406984751512149,0.0
567,55.0,37.5,567.0,-0.6357954947320403,-0.4198807265856834,1.0
568,57.5,37.5,568.0,-0.6422010975442621,-1.55154482234759,0.0
569,60.0,37.5,569.0,-0.5227053409474921,-0.18245932237568435,1.0
570,62.5,37.5,570.0,-0.526863801183586,1.16716954923568,0.0
571,65.0,37.5,571.0,-0.3841057212421472,0.3722032906875066,1.0
572,67.5,37.5,572.0,-0.387693195656679,-0.27364570137408106,0.0
573,70.0,37.5,573.0,-0.22041336769620604,0.0801164965498216,1.0
574,72.5,37.5,574.0,-0.222595949696959,-0.4678453246722539,0.0
575,75.0,37.5,575.0,-0.03137752325280126,-0.4515845743507299,1.0
576,77.5,37.5,576.0,-0.0322443548761224,-1.23825232798621,0.0
577,80.0,37.5,577.0,0.18325130702876224,-0.5379813739225979,1.0
578,82.5,37.5,578.0,0.184248645890108,-0.00776203377732663,0.0
579,85.0,37.5,579.0,0.4234034517478323,-0.12226754229800234,1.0
580,87.5,37.5,580.0,0.425318103226938,-0.80028217795166,0.0
581,90.0,37.5,581.0,0.687732967975788,-0.24667077740556334,1.0
582,92.5,37.5,582.0,0.692268270769313,-0.533492329950436,0.0
583,95.0,37.5,583.0,0.9570891769805616,0.15426772157376956,1.0
584,97.5,37.5,584.0,0.9852724306605559,1.2876752455845901,0.0
585,2.5,40.0,585.0,-0.21013766392947456,-0.30883268992306306,1.0
586,5.0,40.0,586.0,-0.24188562407755368,-0.5324653602915607,1.0
587,7.5,40.0,587.0,-0.34775773056237724,-0.7529795703189145,1.0
588,10.0,40.0,588.0,-0.39725567158926656,-0.6003373804582183,1.0
589,12.5,40.0,589.0,-0.489444339066819,-0.35263171925204484,1.0
590,15.0,40.0,590.0,-0.5331066248316395,-0.21658834030238527,1.0
591,17.5,40.0,591.0,-0.6084973863685458,-0.22820552229457108,1.0
592,20.0,40.0,592.0,-0.6441967179940499,-0.11721036485115062,1.0
593,22.5,40.0,593.0,-0.7023223107747436,-0.02036851162512112,1.0
594,25.0,40.0,594.0,-0.7297309570019292,0.46663755287086217,1.0
595,27.5,40.0,595.0,-0.7706012857096687,0.6245294206270732,1.0
596,30.0,40.0,596.0,-0.7901761843565867,0.2847687398844021,1.0
597,32.5,40.0,597.0,-0.8141082080236648,-0.36327332361413645,1.0
598,35.0,40.0,598.0,-0.8253823406512187,-0.4091479728222151,1.0
599,37.5,40.0,599.0,-0.831744636899051,-0.287509446428996,1.0
600,40.0,40.0,600.0,-0.8347081357611358,0.01754372583567711,1.0
601,42.5,40.0,601.0,-0.8238868345959659,0.01979211122672251,1.0
602,45.0,40.0,602.0,-0.8188071294591625,0.058479368230896424,1.0
603,47.5,40.0,603.0,-0.7908346953224152,-0.1268972398336963,1.0
604,50.0,40.0,604.0,-0.7776072067828282,-0.1334109525274976,1.0
605,52.5,40.0,605.0,-0.7323389207453461,-0.2132114647076211,1.0
606,55.0,40.0,606.0,-0.7109252635093505,-0.2697490932129604,1.0
607,57.5,40.0,607.0,-0.6483781516919684,-0.3174029792122611,1.0
608,60.0,40.0,608.0,-0.6187675745180302,-0.29877906126265547,1.0
609,62.5,40.0,609.0,-0.5389271863810863,-0.13738428101036865,1.0
610,65.0,40.0,610.0,-0.5011016550555952,0.1787909862525695,1.0
611,67.5,40.0,611.0,-0.40402809430130493,0.4093847986858374,1.0
612,70.0,40.0,612.0,-0.358121034223531,0.38370786150354536,1.0
613,72.5,40.0,613.0,-0.2439353882007275,0.08183448750979222,1.0
614,75.0,40.0,614.0,-0.18996089398582486,-0.22697429164442864,1.0
615,77.5,40.0,615.0,-0.05855490936803705,-0.5211137113579429,1.0
616,80.0,40.0,616.0,0.0036648618436114083,-0.6508154276781658,1.0
617,82.5,40.0,617.0,0.15245996613029408,-0.5535667015630525,1.0
618,85.0,40.0,618.0,0.22295318107727313,-0.38164614761453824,1.0
619,87.5,40.0,619.0,0.3887930118710283,-0.18157158904555637,1.0
620,90.0,40.0,620.0,0.46743144583405644,-0.10596905174941092,1.0
621,92.5,40.0,621.0,0.646088165478736,-0.04973411474337456,1.0
622,95.0,40.0,622.0,0.7331934216021091,0.2225924599763214,1.0
623,97.5,40.0,623.0,0.8420196372831884,0.4145449501783231,1.0
624,2.5,42.5,624.0,-0.031852684417306,-0.17552587024212699,0.0
625,5.0,42.5,625.0,-0.2108893463680765,-0.568317174985269,1.0
626,7.5,42.5,626.0,-0.22281302885367102,-1.07178238415068,0.0
627,10.0,42.5,627.0,-0.36894880439793615,-0.5229048343424951,1.0
628,12.5,42.5,628.0,-0.38747325191754706,0.163206882467382,0.0
629,15.0,42.5,629.0,-0.5092066375599928,-0.19939142300191387,1.0
630,17.5,42.5,630.0,-0.527511585615413,-0.36273841562795,0.0
631,20.0,42.5,631.0,-0.6247876257340587,-0.027701853282290755,1.0
632,22.5,42.5,632.0,-0.641410127917541,0.590013547987339,0.0
633,25.0,42.5,633.0,-0.7148404321989867,0.6186467875182287,1.0
634,27.5,42.5,634.0,-0.7301374795910509,1.43242192773099,0.0
635,30.0,42.5,635.0,-0.7799248005530657,0.19715085070376717,1.0
636,32.5,42.5,636.0,-0.7946008450843571,-0.992692511109493,0.0
637,35.0,42.5,637.0,-0.8195817100513809,-0.31959459127891143,1.0
638,37.5,42.5,638.0,-0.832072519598613,0.45465029758028297,0.0
639,40.0,42.5,639.0,-0.8334743216849996,0.05787494937843478,1.0
640,42.5,42.5,640.0,-0.844959481570232,0.0848980586784873,0.0
641,45.0,42.5,641.0,-0.822077425667986,0.186367576113391,1.0
642,47.5,42.5,642.0,-0.8318989873921541,0.8955655822645451,0.0
643,50.0,42.5,643.0,-0.7853941481701759,0.038453557249892814,1.0
644,52.5,42.5,644.0,-0.794290930608136,-0.22977813894626603,0.0
645,55.0,42.5,645.0,-0.7232393656562996,-0.038704521523699166,1.0
646,57.5,42.5,646.0,-0.730263561726697,0.8366190684606128,0.0
647,60.0,42.5,647.0,-0.6357059936663916,-0.3324006228722725,1.0
648,62.5,42.5,648.0,-0.642193494014176,-1.74505586133669,0.0
649,65.0,42.5,649.0,-0.5226153923216119,0.0790389127809437,1.0
650,67.5,42.5,650.0,-0.526826531855897,1.6894589213133702,0.0
651,70.0,42.5,651.0,-0.3840160229431201,0.6858328095062245,1.0
652,72.5,42.5,652.0,-0.38716906613414004,0.864777978518578,0.0
653,75.0,42.5,653.0,-0.22041266788858568,0.009549694828050116,1.0
654,77.5,42.5,654.0,-0.22244308175419897,-0.150775988885748,0.0
655,80.0,42.5,655.0,-0.03142831980143478,-0.6650557919248159,1.0
656,82.5,42.5,656.0,-0.0322684358588434,-1.44900713013917,0.0
657,85.0,42.5,657.0,0.18329901570941243,-0.384556573664067,1.0
658,87.5,42.5,658.0,0.18455735532731,0.6430087000419821,0.0
659,90.0,42.5,659.0,0.4225577888690184,0.15778556166368163,1.0
660,92.5,42.5,660.0,0.425918965833961,0.483193863814768,0.0
661,95.0,42.5,661.0,0.6679487420175043,0.21284830656092985,1.0
662,97.5,42.5,662.0,0.692523519889527,-0.00635562642138871,0.0
663,2.5,45.0,663.0,-0.019470917516641484,-0.19746238412165731,1.0
664,5.0,45.0,664.0,-0.05545681941106876,-0.4076234818311855,1.0
665,7.5,45.0,665.0,-0.1780304433153856,-0.6309473691318868,1.0
666,10.0,45.0,666.0,-0.23524887468242908,-0.379621657146207,1.0
667,12.5,45.0,667.0,-0.34461221412435283,-0.11398085987859838,1.0
668,15.0,45.0,668.0,-0.39639923697001017,0.025092876051446295,1.0
669,17.5,45.0,669.0,-0.48906266328367415,-0.05401689522823848,1.0
670,20.0,45.0,670.0,-0.5329419279101247,0.02682522503763345,1.0
671,22.5,45.0,671.0,-0.6082902896263752,0.18570486678366707,1.0
672,25.0,45.0,672.0,-0.644056156208146,0.20188185029741668,1.0
673,27.5,45.0,673.0,-0.7022292284190013,0.22277295227145055,1.0
674,30.0,45.0,674.0,-0.7298987987339082,0.03736089719059978,1.0
675,32.5,45.0,675.0,-0.7708638639269858,-0.0754053072108007,1.0
676,35.0,45.0,676.0,-0.7902232974442945,0.05365055478252412,1.0
677,37.5,45.0,677.0,-0.8138519059143002,0.1601555665472727,1.0
678,40.0,45.0,678.0,-0.8251564773492844,0.07924481694284928,1.0
679,42.5,45.0,679.0,-0.8316681321615702,-0.08558423833765053,1.0
680,45.0,45.0,680.0,-0.8347979488133125,-0.2249412960148137,1.0
681,47.5,45.0,681.0,-0.8239358443192424,-0.13982854847864495,1.0
682,50.0,45.0,682.0,-0.8188704836648005,-0.13753618822151317,1.0
683,52.5,45.0,683.0,-0.7907974416091845,-0.03252134217079032,1.0
684,55.0,45.0,684.0,-0.7775217805972553,0.06591427807243357,1.0
685,57.5,45.0,685.0,-0.7322155611366695,0.03726804483283695,1.0
686,60.0,45.0,686.0,-0.7108732625340551,-0.21600760758732462,1.0
687,62.5,45.0,687.0,-0.6483804006319853,-0.39236269513017763,1.0
688,65.0,45.0,688.0,-0.6187852540833051,-0.23505191408210813,1.0
689,67.5,45.0,689.0,-0.5388850092512805,0.18505525280677607,1.0
690,70.0,45.0,690.0,-0.5011376398225186,0.19532534204667265,1.0
691,72.5,45.0,691.0,-0.4040965520973141,0.15926307610383247,1.0
692,75.0,45.0,692.0,-0.35816248620452235,0.16823652831070826,1.0
693,77.5,45.0,693.0,-0.24391054826068617,0.08954585920161892,1.0
694,80.0,45.0,694.0,-0.18988726841436887,-0.1142905488920835,1.0
695,82.5,45.0,695.0,-0.05849040950431914,-0.44182702798088436,1.0
696,85.0,45.0,696.0,0.0039079764458070645,-0.10701993171785457,1.0
697,87.5,45.0,697.0,0.1525679017018383,0.17914105860860802,1.0
698,90.0,45.0,698.0,0.22314419010771788,0.6441408611670479,1.0
699,92.5,45.0,699.0,0.3848630887169475,0.6626394078720754,1.0
700,95.0,45.0,700.0,0.46362469759528285,0.5493959710971196,1.0
701,97.5,45.0,701.0,0.5624612679648838,0.22117751995976093,1.0
702,2.5,47.5,702.0,0.18432927823545803,0.151455892862424,0.0
703,5.0,47.5,703.0,-0.02013462391076267,-0.3337372625144219,1.0
704,7.5,47.5,704.0,-0.0320442175461756,-0.5841089703498039,0.0
705,10.0,47.5,705.0,-0.20242385034644045,-0.2679704247752508,1.0
706,12.5,47.5,706.0,-0.222183502063859,0.36880673263024205,0.0
707,15.0,47.5,707.0,-0.3679331693961584,0.10411123865887348,1.0
708,17.5,47.5,708.0,-0.387408230538896,0.294654339719516,0.0
709,20.0,47.5,709.0,-0.509034889146047,0.0347816325940006,1.0
710,22.5,47.5,710.0,-0.527471334371165,-0.279259373342575,0.0
711,25.0,47.5,711.0,-0.6248468564336889,-0.2010272717766381,1.0
712,27.5,47.5,712.0,-0.642187273543757,-1.33623665489315,0.0
713,30.0,47.5,713.0,-0.7150984659671739,-0.09015185884037327,1.0
714,32.5,47.5,714.0,-0.730313165212217,0.7007488184400339,0.0
715,35.0,47.5,715.0,-0.7798319826580021,0.27866925096661255,1.0
716,37.5,47.5,716.0,-0.7939076807922131,0.554196622274033,0.0
717,40.0,47.5,717.0,-0.8194514301505436,-0.025658765074982125,1.0
718,42.5,47.5,718.0,-0.8326729545353492,-0.8363065928014151,0.0
719,45.0,47.5,719.0,-0.8337171182764116,-0.5762497675277528,1.0
720,47.5,47.5,720.0,-0.8455107115525842,-1.5945881620062399,0.0
721,50.0,47.5,721.0,-0.8222613522184641,-0.3399031320579109,1.0
722,52.5,47.5,722.0,-0.83219227994651,0.20495858058763397,0.0
723,55.0,47.5,723.0,-0.7854148334652648,-0.01389368333015516,1.0
724,57.5,47.5,724.0,-0.7943471040367042,-0.34508797797289,0.0
725,60.0,47.5,725.0,-0.7232660377926212,-0.13271570649862005,1.0
726,62.5,47.5,726.0,-0.730513860623692,0.252611703364455,0.0
727,65.0,47.5,727.0,-0.6357492739285461,-0.29675002370512094,1.0
728,67.5,47.5,728.0,-0.642181845052468,-1.29400246548455,0.0
729,70.0,47.5,729.0,-0.5228096819843574,-0.34270584778152635,1.0
730,72.5,47.5,730.0,-0.5277473636982061,-0.9591704443803629,0.0
731,75.0,47.5,731.0,-0.38420462718308357,0.10872997458313938,1.0
732,77.5,47.5,732.0,-0.387106185654689,1.0857748536799001,0.0
733,80.0,47.5,733.0,-0.22031229019808488,0.20459560814485306,1.0
734,82.5,47.5,734.0,-0.22216703915636105,0.40377490471571403,0.0
735,85.0,47.5,735.0,-0.031132839671078244,0.12411130806897623,1.0
736,87.5,47.5,736.0,-0.0314826278423564,0.586487536719298,0.0
737,90.0,47.5,737.0,0.18276766188813667,0.7775274621041959,1.0
738,92.5,47.5,738.0,0.18474575675653604,1.81522844615395,0.0
739,95.0,47.5,739.0,0.40428858467817425,0.6754525547370578,1.0
740,97.5,47.5,740.0,0.42574811235722104,0.12882142860238302,0.0
741,2.5,50.0,741.0,0.19647183179635916,-0.7277368691278361,1.0
742,5.0,50.0,742.0,0.15637703641844,-0.5268798749045963,1.0
743,7.5,50.0,743.0,0.01723869069728807,-0.2757838670221006,1.0
744,10.0,50.0,744.0,-0.047714906807210244,0.12434096587924115,1.0
745,12.5,50.0,745.0,-0.1743102198138243,0.3001227279503792,1.0
746,15.0,50.0,746.0,-0.234174793529524,0.7164265681028502,1.0
747,17.5,50.0,747.0,-0.34409381030391567,0.6419026042749081,1.0
748,20.0,50.0,748.0,-0.39633013617707397,0.22912614121743827,1.0
749,22.5,50.0,749.0,-0.48914755998428844,-0.31864809390965887,1.0
750,25.0,50.0,750.0,-0.5332504919453717,-0.777148092964942,1.0
751,27.5,50.0,751.0,-0.6086356862871709,-0.7110838888204427,1.0
752,30.0,50.0,752.0,-0.6443420914722456,-0.5489000907501939,1.0
753,32.5,50.0,753.0,-0.7023216639173862,-0.07309105498880833,1.0
754,35.0,50.0,754.0,-0.7299133188637877,-0.04989225669090667,1.0
755,37.5,50.0,755.0,-0.7708374437580325,-0.059348186120486666,1.0
756,40.0,50.0,756.0,-0.7904055594172587,-0.3444860711570887,1.0
757,42.5,50.0,757.0,-0.8141456206642722,-0.485688983940746,1.0
758,45.0,50.0,758.0,-0.8254861428880531,-0.720659199515858,1.0
759,47.5,50.0,759.0,-0.8318729472586831,-0.6833556457568528,1.0
760,50.0,50.0,760.0,-0.8349505399463514,-0.6332480629416438,1.0
761,52.5,50.0,761.0,-0.8240591085841109,-0.3966616696964132,1.0
762,55.0,50.0,762.0,-0.8188885920912033,0.047510894305222595,1.0
763,57.5,50.0,763.0,-0.7907516513112919,0.3185571386973415,1.0
764,60.0,50.0,764.0,-0.7774734725210033,0.3730186782431639,1.0
765,62.5,50.0,765.0,-0.7322246274113816,0.06078787925788498,1.0
766,65.0,50.0,766.0,-0.7109122823703461,-0.20894771036456075,1.0
767,67.5,50.0,767.0,-0.6484673356701324,-0.4453028295682676,1.0
768,70.0,50.0,768.0,-0.6188901692632819,-0.43827834101928226,1.0
769,72.5,50.0,769.0,-0.5390206072577026,-0.22716100339868767,1.0
770,75.0,50.0,770.0,-0.5011403661622494,0.0902013680344247,1.0
771,77.5,50.0,771.0,-0.40401513764366753,0.30534339811205646,1.0
772,80.0,50.0,772.0,-0.3580892752559271,0.3174693189690964,1.0
773,82.5,50.0,773.0,-0.24386484482879603,0.18357262058854593,1.0
774,85.0,50.0,774.0,-0.18968847296311545,0.4404409594481207,1.0
775,87.5,50.0,775.0,-0.058279397001197074,0.6810709379785381,1.0
776,90.0,50.0,776.0,0.004002885653225155,0.8533452660693297,1.0
777,92.5,50.0,777.0,0.14878630310237514,0.780904703794486,1.0
778,95.0,50.0,778.0,0.2192434196712172,0.31662911985059045,1.0
779,97.5,50.0,779.0,0.3082613128259514,-0.04067477522554974,1.0
780,2.5,52.5,780.0,0.42522084106438207,-2.00092923773151,0.0
781,5.0,52.5,781.0,0.19594550176956965,-0.6395105302704948,1.0
782,7.5,52.5,782.0,0.18441910887137902,0.33377719743357,0.0
783,10.0,52.5,783.0,-0.010332599501564193,0.330756430319976,1.0
784,12.5,52.5,784.0,-0.0312956704554535,1.1713251273587901,0.0
785,15.0,52.5,785.0,-0.20115849260233407,0.9778632539972456,1.0
786,17.5,52.5,786.0,-0.221917968908953,2.0595392422993,0.0
787,20.0,52.5,787.0,-0.36790881183353963,0.24701165912829345,1.0
788,22.5,52.5,788.0,-0.3880545837934671,-1.3768615982405201,0.0
789,25.0,52.5,789.0,-0.5093767331112322,-0.8669194479125348,1.0
790,27.5,52.5,790.0,-0.527795343545863,-1.1508555656271102,0.0
791,30.0,52.5,791.0,-0.6250234798999915,-0.6379503989893353,1.0
792,32.5,52.5,792.0,-0.642022614277292,-0.705821394760121,0.0
793,35.0,52.5,793.0,-0.7152355694284228,-0.38844173492750256,1.0
794,37.5,52.5,794.0,-0.731082806325616,-1.05405578207719,0.0
795,40.0,52.5,795.0,-0.7801904942213955,-0.5178645492876004,1.0
796,42.5,52.5,796.0,-0.794481040941798,-0.645743723142491,0.0
797,45.0,52.5,797.0,-0.8196750326221419,-0.5441651040064901,1.0
798,47.5,52.5,798.0,-0.8323894113579029,-0.18537796767650302,0.0
799,50.0,52.5,799.0,-0.8337497088982024,-0.6199730793622805,1.0
800,52.5,52.5,800.0,-0.8454765373439641,-1.20122205073999,0.0
801,55.0,52.5,801.0,-0.8222035157002472,0.16103129590986218,1.0
802,57.5,52.5,802.0,-0.8318416891706659,2.03697216698315,0.0
803,60.0,52.5,803.0,-0.7852823865210775,0.5794221216134174,1.0
804,62.5,52.5,804.0,-0.794120492191045,0.10777474488554699,0.0
805,65.0,52.5,805.0,-0.7232816665315698,-0.11395920325899538,1.0
806,67.5,52.5,806.0,-0.7306835950149441,-0.0841081005055806,0.0
807,70.0,52.5,807.0,-0.635702580273129,-0.13984612657744483,1.0
808,72.5,52.5,808.0,-0.641451194159584,0.495619641604594,0.0
809,75.0,52.5,809.0,-0.522587904848687,0.14028371809407056,1.0
810,77.5,52.5,810.0,-0.527312219020231,0.0374151861179653,0.0
811,80.0,52.5,811.0,-0.3841808513222301,0.14234249736635082,1.0
812,82.5,52.5,812.0,-0.38762277986252897,-0.13208803695591,0.0
813,85.0,52.5,813.0,-0.2202632402146419,0.5299567809222789,1.0
814,87.5,52.5,814.0,-0.22186070641757197,1.4767874235521001,0.0
815,90.0,52.5,815.0,-0.03184485762547303,0.7150156242604699,1.0
816,92.5,52.5,816.0,-0.0318733734641964,-0.21703021009210396,0.0
817,95.0,52.5,817.0,0.16563655934650806,-0.08875467315296146,1.0
818,97.5,52.5,818.0,0.18376513459719301,-1.2836022040922301,0.0
819,2.5,55.0,819.0,0.4379614315619566,-0.7515906258528676,1.0
820,5.0,55.0,820.0,0.39362877393165324,-0.5040163632511655,1.0
821,7.5,55.0,821.0,0.23783371870835035,-0.16610122785944126,1.0
822,10.0,55.0,822.0,0.16502193566994777,0.1327414267279223,1.0
823,12.5,55.0,823.0,0.02124688420737141,0.4181780290095329,1.0
824,15.0,55.0,824.0,-0.046889221318340855,0.5061630597702383,1.0
825,17.5,55.0,825.0,-0.1740167645480209,0.5444892029015815,1.0
826,20.0,55.0,826.0,-0.23437717733258726,0.13906886811136285,1.0
827,22.5,55.0,827.0,-0.34437458258108644,-0.28586692312934137,1.0
828,25.0,55.0,828.0,-0.39656678184809807,-0.5710259776783017,1.0
829,27.5,55.0,829.0,-0.48928123592550377,-0.6801539249268554,1.0
830,30.0,55.0,830.0,-0.5331411847630644,-0.4721886316803979,1.0
831,32.5,55.0,831.0,-0.6085006884152346,-0.3377468863418655,1.0
832,35.0,55.0,832.0,-0.6442888706712484,-0.3674605577940951,1.0
833,37.5,55.0,833.0,-0.7025217385040412,-0.5124375802784618,1.0
834,40.0,55.0,834.0,-0.7301731595788586,-0.6038283896522393,1.0
835,42.5,55.0,835.0,-0.7710943305941946,-0.5940210383821183,1.0
836,45.0,55.0,836.0,-0.7903807540299764,-0.22959577582510893,1.0
837,47.5,55.0,837.0,-0.8139775379930532,-0.06577506455833251,1.0
838,50.0,55.0,838.0,-0.8252863570617711,-0.18231254556163048,1.0
839,52.5,55.0,839.0,-0.8318296565449295,-0.4228480189730872,1.0
840,55.0,55.0,840.0,-0.8347288853346685,0.20835361232395563,1.0
841,57.5,55.0,841.0,-0.8237292452508802,0.7867462385411164,1.0
842,60.0,55.0,842.0,-0.8187222186933528,0.5428808062982479,1.0
843,62.5,55.0,843.0,-0.7908353026871502,-0.017092792114144606,1.0
844,65.0,55.0,844.0,-0.7776823999795073,-0.2958473129129359,1.0
845,67.5,55.0,845.0,-0.7323507671505558,-0.21997536792609176,1.0
846,70.0,55.0,846.0,-0.710894646820182,-0.11396290748886755,1.0
847,72.5,55.0,847.0,-0.6482824952941664,0.022548586095834443,1.0
848,75.0,55.0,848.0,-0.6187160958274788,0.005925054771403889,1.0
849,77.5,55.0,849.0,-0.5389367364583164,-0.012999790356214092,1.0
850,80.0,55.0,850.0,-0.5011291065111356,0.16540191000550686,1.0
851,82.5,55.0,851.0,-0.4040062838082177,0.41086403266598737,1.0
852,85.0,55.0,852.0,-0.3580259765209581,0.6019104184796257,1.0
853,87.5,55.0,853.0,-0.2439124376941762,0.6601811091832125,1.0
854,90.0,55.0,854.0,-0.18988376929962894,0.476069182784786,1.0
855,92.5,55.0,855.0,-0.06204185478938207,0.2259051549807281,1.0
856,95.0,55.0,856.0,0.00017792258196546937,-0.3436046315195067,1.0
857,97.5,55.0,857.0,0.07935112980786418,-0.6645833041571553,1.0
858,2.5,57.5,858.0,0.692717951851918,0.385667890443402,0.0
859,5.0,57.5,859.0,0.4375299369049184,-0.27751064000983294,1.0
860,7.5,57.5,860.0,0.425507808470714,-0.351512873529092,0.0
861,10.0,57.5,861.0,0.20672191899652895,-0.09769814780146942,1.0
862,12.5,57.5,862.0,0.18399924792626102,-0.521796093356269,0.0
863,15.0,57.5,863.0,-0.009573836361933265,-0.02421940047241724,1.0
864,17.5,57.5,864.0,-0.032209328076937,-1.06813120068717,0.0
865,20.0,57.5,865.0,-0.20142669187464754,-0.04841482990737498,1.0
866,22.5,57.5,866.0,-0.222155606834606,0.428365903266692,0.0
867,25.0,57.5,867.0,-0.3680044096823256,-0.2565398313789603,1.0
868,27.5,57.5,868.0,-0.387643841222334,-0.174018234426995,0.0
869,30.0,57.5,869.0,-0.5091295088067078,-0.22968798974561694,1.0
870,32.5,57.5,870.0,-0.527080593707402,0.515667728648029,0.0
871,35.0,57.5,871.0,-0.6248405686342899,-0.18726851461446287,1.0
872,37.5,57.5,872.0,-0.6418109518735229,-0.23436527730592102,0.0
873,40.0,57.5,873.0,-0.7153104212314793,-0.5206311422881023,1.0
874,42.5,57.5,874.0,-0.730951925606779,-0.658503425821771,0.0
875,45.0,57.5,875.0,-0.780019466256209,-0.05953174010172217,1.0
876,47.5,57.5,876.0,-0.793692783057042,1.2502366040787198,0.0
877,50.0,57.5,877.0,-0.8194436996754515,0.061507451974854535,1.0
878,52.5,57.5,878.0,-0.832432163720462,-0.271763715111397,0.0
879,55.0,57.5,879.0,-0.8334619400757365,0.2496880225311567,1.0
880,57.5,57.5,880.0,-0.8445897495277421,0.9479519958751959,0.0
881,60.0,57.5,881.0,-0.8221292531315662,0.21178076369829504,1.0
882,62.5,57.5,882.0,-0.8327697494987059,-1.20158243010894,0.0
883,65.0,57.5,883.0,-0.7856083626539095,-0.4401227998875229,1.0
884,67.5,57.5,884.0,-0.794403593953629,-0.46611609637550205,0.0
885,70.0,57.5,885.0,-0.7233415307175567,-0.2093714361695614,1.0
886,72.5,57.5,886.0,-0.73077615036925,-0.26935139515317996,0.0
887,75.0,57.5,887.0,-0.6357196178444332,-0.12896859055460336,1.0
888,77.5,57.5,888.0,-0.641886611272955,-0.390965408130861,0.0
889,80.0,57.5,889.0,-0.5225588358362353,0.30420155123522585,1.0
890,82.5,57.5,890.0,-0.526835441130552,1.3487070119917102,0.0
891,85.0,57.5,891.0,-0.384069509369228,0.5997795742044246,1.0
892,87.5,57.5,892.0,-0.387567407692236,-0.0227647012984126,0.0
893,90.0,57.5,893.0,-0.22112986047590866,0.31672331935075276,1.0
894,92.5,57.5,894.0,-0.22224383290412,0.24422585110345002,0.0
895,95.0,57.5,895.0,-0.04738634651957645,-0.2960857274912813,1.0
896,97.5,57.5,896.0,-0.0321750972942098,-0.942371707863923,0.0
897,2.5,60.0,897.0,0.7048978748371694,-0.20702000869200166,1.0
898,5.0,60.0,898.0,0.6563422041547278,-0.030253999957041772,1.0
899,7.5,60.0,899.0,0.4838111571271728,0.048218649451482354,1.0
900,10.0,60.0,900.0,0.40319342544702313,0.22229368465250995,1.0
901,12.5,60.0,901.0,0.24210145181207338,0.16741234152358284,1.0
902,15.0,60.0,902.0,0.16586979856248585,0.17676850006889777,1.0
903,17.5,60.0,903.0,0.021478939054386408,0.05697335156240715,1.0
904,20.0,60.0,904.0,-0.04697349555808439,-0.12716335608011264,1.0
905,22.5,60.0,905.0,-0.17416464851786595,-0.2768778327250172,1.0
906,25.0,60.0,906.0,-0.23435787476226297,0.06504227480779656,1.0
907,27.5,60.0,907.0,-0.3442102676300821,0.29095138257852293,1.0
908,30.0,60.0,908.0,-0.39618391375376616,0.5782910684149783,1.0
909,32.5,60.0,909.0,-0.4888716304762914,0.3387750245004935,1.0
910,35.0,60.0,910.0,-0.5328453536846126,0.23716072114823675,1.0
911,37.5,60.0,911.0,-0.6084304210721566,-0.14636433543970145,1.0
912,40.0,60.0,912.0,-0.6442021012833047,-0.14716231103258212,1.0
913,42.5,60.0,913.0,-0.7023695984713568,-0.1364441680891833,1.0
914,45.0,60.0,914.0,-0.7299097354168028,0.02132996995207337,1.0
915,47.5,60.0,915.0,-0.7708252491071846,0.06043141135041234,1.0
916,50.0,60.0,916.0,-0.7903469516931008,-0.16118828640302238,1.0
917,52.5,60.0,917.0,-0.8140624017265596,-0.24358255371345364,1.0
918,55.0,60.0,918.0,-0.8252407191166059,-0.060802006839960156,1.0
919,57.5,60.0,919.0,-0.8315384936065477,0.2795338452404569,1.0
920,60.0,60.0,920.0,-0.8347956811675208,-0.1519602051525292,1.0
921,62.5,60.0,921.0,-0.8241558163022352,-0.5560761056016954,1.0
922,65.0,60.0,922.0,-0.8191022138585132,-0.6120623816619487,1.0
923,67.5,60.0,923.0,-0.7909310853733469,-0.30753074310695744,1.0
924,70.0,60.0,924.0,-0.7775563021491102,0.0392258712265362,1.0
925,72.5,60.0,925.0,-0.7322158655756205,0.1458480697907723,1.0
926,75.0,60.0,926.0,-0.7108936034285364,-0.063267524567992,1.0
927,77.5,60.0,927.0,-0.6484272634186734,-0.26257473899659606,1.0
928,80.0,60.0,928.0,-0.6188034758984706,-0.1288243435130558,1.0
929,82.5,60.0,929.0,-0.5388604634511374,0.27708460794104817,1.0
930,85.0,60.0,930.0,-0.5011125749541011,0.25182161301276157,1.0
931,87.5,60.0,931.0,-0.40423738511034524,0.23842474894407797,1.0
932,90.0,60.0,932.0,-0.3584123934997261,-0.03240382704589643,1.0
933,92.5,60.0,933.0,-0.24743214703096522,-0.157027300781817,1.0
934,95.0,60.0,934.0,-0.1932970900178046,-0.4253564941243266,1.0
935,97.5,60.0,935.0,-0.12385383710851297,-0.5117744723414522,1.0
936,2.5,62.5,936.0,0.984445735754672,-0.729217276509574,0.0
937,5.0,62.5,937.0,0.7044901777965433,0.01595925456954257,1.0
938,7.5,62.5,938.0,0.6929539171089749,0.998068908554848,0.0
939,10.0,62.5,939.0,0.44964529090954625,0.5388950497555965,1.0
940,12.5,62.5,940.0,0.4261665030524871,1.2584816645955599,0.0
941,15.0,62.5,941.0,0.20807028910087935,0.5816999093121096,1.0
942,17.5,62.5,942.0,0.184734753022964,1.2488636888101001,0.0
943,20.0,62.5,943.0,-0.009437498127653227,-0.09576823959159056,1.0
944,22.5,62.5,944.0,-0.0322630386396662,-1.3806370495253302,0.0
945,25.0,62.5,945.0,-0.20138230664533144,0.14968789375447242,1.0
946,27.5,62.5,946.0,-0.22191570367678,2.04996069363639,0.0
947,30.0,62.5,947.0,-0.36766101660324213,0.8549701997859849,1.0
948,32.5,62.5,948.0,-0.38712356747929105,1.01687282979954,0.0
949,35.0,62.5,949.0,-0.5089231565298459,0.28394535517406216,1.0
950,37.5,62.5,950.0,-0.527344809936878,-0.0267174641382579,0.0
951,40.0,62.5,951.0,-0.6247422017485416,0.04938390001970725,1.0
952,42.5,62.5,952.0,-0.6413640779790121,0.703607778798261,0.0
953,45.0,62.5,953.0,-0.7151058444209548,-0.06449204742806014,1.0
954,47.5,62.5,954.0,-0.7310605611304181,-0.9713852291518641,0.0
955,50.0,62.5,955.0,-0.780184483425062,-0.4823761798953575,1.0
956,52.5,62.5,956.0,-0.794627253468047,-1.09615624155886,0.0
957,55.0,62.5,957.0,-0.8195479348197697,-0.21439130118684396,1.0
958,57.5,62.5,958.0,-0.832270806181088,0.0490504509375971,0.0
959,60.0,62.5,959.0,-0.8336473664633732,-0.3155895742267901,1.0
960,62.5,62.5,960.0,-0.8454760350594741,-1.1984958565577801,0.0
961,65.0,62.5,961.0,-0.822372975255339,-0.4968292176737267,1.0
962,67.5,62.5,962.0,-0.8321997256831261,0.19001899855974802,0.0
963,70.0,62.5,963.0,-0.7853177411157912,0.2730536192149538,1.0
964,72.5,62.5,964.0,-0.7936857267977521,1.29770589960467,0.0
965,75.0,62.5,965.0,-0.7232600215863579,0.016767596573220845,1.0
966,77.5,62.5,966.0,-0.7310776487112071,-1.0338737229647499,0.0
967,80.0,62.5,967.0,-0.635840781300138,-0.3773257903492835,1.0
968,82.5,62.5,968.0,-0.6420350550212011,-0.738440754213064,0.0
969,85.0,62.5,969.0,-0.5227106103194072,0.01509083102713743,1.0
970,87.5,62.5,970.0,-0.527307573060252,0.0465639394508634,0.0
971,90.0,62.5,971.0,-0.3850755600913567,-0.18440771185177643,1.0
972,92.5,62.5,972.0,-0.387988301755495,-1.01759611982611,0.0
973,95.0,62.5,973.0,-0.23502563810304777,-0.4990076693919968,1.0
974,97.5,62.5,974.0,-0.22255681460246104,-0.383283959886278,0.0
975,2.5,65.0,975.0,0.9972603483620684,0.053165796577122205,1.0
976,5.0,65.0,976.0,0.9445331399452468,0.363379518138909,1.0
977,7.5,65.0,977.0,0.7553652109749086,0.5771695489978027,1.0
978,10.0,65.0,978.0,0.6670085908345618,0.787667808483503,1.0
979,12.5,65.0,979.0,0.48872155354893926,0.7101182194347726,1.0
980,15.0,65.0,980.0,0.4042674394048114,0.3885757473520295,1.0
981,17.5,65.0,981.0,0.2425658854514757,0.05436308856303769,1.0
982,20.0,65.0,982.0,0.1658366174739929,-0.34645515193956816,1.0
983,22.5,65.0,983.0,0.021395786668360405,-0.3454338568256365,1.0
984,25.0,65.0,984.0,-0.04687657547073004,0.24739235975866836,1.0
985,27.5,65.0,985.0,-0.17383099044150133,0.8733568722547591,1.0
986,30.0,65.0,986.0,-0.23397468499565663,1.1121881412044266,1.0
987,32.5,65.0,987.0,-0.34393598151394755,0.8162343126751237,1.0
988,35.0,65.0,988.0,-0.39616287249873877,0.4521189328029651,1.0
989,37.5,65.0,989.0,-0.4889650556569545,0.11358284995083893,1.0
990,40.0,65.0,990.0,-0.5329361455084688,-0.34181486967290553,1.0
991,42.5,65.0,991.0,-0.6083393519631273,-0.47064900936933957,1.0
992,45.0,65.0,992.0,-0.6441800457747773,-0.5736469461522645,1.0
993,47.5,65.0,993.0,-0.702438576749541,-0.40618675276528593,1.0
994,50.0,65.0,994.0,-0.7300563057818303,-0.38689767784777884,1.0
995,52.5,65.0,995.0,-0.7709561976832262,-0.32121394060105235,1.0
996,55.0,65.0,996.0,-0.7903198492934522,-0.16052595920008036,1.0
997,57.5,65.0,997.0,-0.8139875698889687,-0.1191305607902037,1.0
998,60.0,65.0,998.0,-0.825291619804184,-0.23015823678936717,1.0
999,62.5,65.0,999.0,-0.8318008090254818,-0.4167320690143578,1.0
1000,65.0,65.0,1000.0,-0.8348092612008041,-0.22217670527357844,1.0
1001,67.5,65.0,1001.0,-0.823897935378285,0.035126413539233556,1.0
1002,70.0,65.0,1002.0,-0.8187305241220862,0.3051534279561941,1.0
1003,72.5,65.0,1003.0,-0.790697211148637,0.2992261614597653,1.0
1004,75.0,65.0,1004.0,-0.7774827886164465,0.24887573739570737,1.0
1005,77.5,65.0,1005.0,-0.7322690643095353,0.032884409281288954,1.0
1006,80.0,65.0,1006.0,-0.7108861929084163,-0.05606403877005253,1.0
1007,82.5,65.0,1007.0,-0.6483766332648103,-0.13726927048626397,1.0
1008,85.0,65.0,1008.0,-0.618835745447826,-0.26438868748699734,1.0
1009,87.5,65.0,1009.0,-0.5392207126330477,-0.3259623798870746,1.0
1010,90.0,65.0,1010.0,-0.5014330419211087,-0.22374951438386126,1.0
1011,92.5,65.0,1011.0,-0.4072709143222224,-0.10863711181364288,1.0
1012,95.0,65.0,1012.0,-0.3611258314334778,0.09625158874622035,1.0
1013,97.5,65.0,1013.0,-0.3014473935541309,0.10460472411944138,1.0
1014,2.5,67.5,1014.0,1.3028451315349898,0.872755411671398,0.0
1015,5.0,67.5,1015.0,0.9970414719862891,0.5672030578710698,1.0
1016,7.5,67.5,1016.0,0.985203529114232,0.9695450139701172,0.0
1017,10.0,67.5,1017.0,0.7178031956639728,0.685669451182658,1.0
1018,12.5,67.5,1018.0,0.692717093847222,0.38384666502709397,0.0
1019,15.0,67.5,1019.0,0.45069328322176505,-0.06293038853810526,1.0
1020,17.5,67.5,1020.0,0.425194443856377,-1.8515556630674601,0.0
1021,20.0,67.5,1021.0,0.20784357854613317,-0.5086156640191585,1.0
1022,22.5,67.5,1022.0,0.18422515928046,-0.0539967368261657,0.0
1023,25.0,67.5,1023.0,-0.009281193954966797,0.35721837053998107,1.0
1024,27.5,67.5,1024.0,-0.031319349811422995,1.06477321433828,0.0
1025,30.0,67.5,1025.0,-0.2010116977448461,0.9359495155768389,1.0
1026,32.5,67.5,1026.0,-0.221997481961702,0.8131950374116049,0.0
1027,35.0,67.5,1027.0,-0.3677427258404221,0.4008629317472502,1.0
1028,37.5,67.5,1028.0,-0.38765223757076794,-0.19081647410428199,0.0
1029,40.0,67.5,1029.0,-0.5090882561715955,-0.7179254623518777,1.0
1030,42.5,67.5,1030.0,-0.527548490158659,-2.6999298085637005,0.0
1031,45.0,67.5,1031.0,-0.6248336827285195,-0.8178891756098947,1.0
1032,47.5,67.5,1032.0,-0.6416619489964929,0.0609666388011166,0.0
1033,50.0,67.5,1033.0,-0.7150956080265025,-0.0959160069858845,1.0
1034,52.5,67.5,1034.0,-0.7303650109214219,0.573751697483578,0.0
1035,55.0,67.5,1035.0,-0.779956104094846,0.0037369633234681,1.0
1036,57.5,67.5,1036.0,-0.7941518926871608,0.0458035797250989,0.0
1037,60.0,67.5,1037.0,-0.8194895879901669,-0.11256094933859095,1.0
1038,62.5,67.5,1038.0,-0.8322160485450389,0.157412540175875,0.0
1039,65.0,67.5,1039.0,-0.833502805557195,-0.002960889540811329,1.0
1040,67.5,67.5,1040.0,-0.844789973636365,0.43156537286877106,0.0
1041,70.0,67.5,1041.0,-0.8221215372813143,0.13490432795475044,1.0
1042,72.5,67.5,1042.0,-0.832492042121198,-0.396549736050212,0.0
1043,75.0,67.5,1043.0,-0.7853250375058687,0.29888295956761995,1.0
1044,77.5,67.5,1044.0,-0.793684081333527,1.30997822575155,0.0
1045,80.0,67.5,1045.0,-0.7231252997182356,0.32398454513009306,1.0
1046,82.5,67.5,1046.0,-0.730410526774889,0.47039339987394296,0.0
1047,85.0,67.5,1047.0,-0.635803538473394,-0.2999794417121986,1.0
1048,87.5,67.5,1048.0,-0.6421740742463969,-1.2426702705746,0.0
1049,90.0,67.5,1049.0,-0.5233861545725759,-0.10388876405472973,1.0
1050,92.5,67.5,1050.0,-0.526832029740104,1.38157545638553,0.0
1051,95.0,67.5,1051.0,-0.3967514918254944,0.5356507188894738,1.0
1052,97.5,67.5,1052.0,-0.38708129007753705,1.20445893700982,0.0
1053,2.5,70.0,1053.0,1.3152668114530397,0.7546774777414497,1.0
1054,5.0,70.0,1054.0,1.2580367306266236,0.387604253791721,1.0
1055,7.5,70.0,1055.0,1.0520069072448937,0.18947847492599515,1.0
1056,10.0,70.0,1056.0,0.9556984570609864,-0.0005660234475344805,1.0
1057,12.5,70.0,1057.0,0.7602844874912388,0.08734267212372629,1.0
1058,15.0,70.0,1058.0,0.6677046955604022,-0.22951487346178331,1.0
1059,17.5,70.0,1059.0,0.48885289169364815,-0.4034205543593963,1.0
1060,20.0,70.0,1060.0,0.40410826050798687,-0.3563921322341328,1.0
1061,22.5,70.0,1061.0,0.24252016735347065,-0.10361283099232359,1.0
1062,25.0,70.0,1062.0,0.16604595717580015,0.2760193880498228,1.0
1063,27.5,70.0,1063.0,0.021771928692816845,0.596394558433246,1.0
1064,30.0,70.0,1064.0,-0.046595701815207474,1.0363196963819477,1.0
1065,32.5,70.0,1065.0,-0.17375822904555766,1.1291841459976102,1.0
1066,35.0,70.0,1066.0,-0.2342220014911922,0.6322731442538206,1.0
1067,37.5,70.0,1067.0,-0.34428860354741414,-0.13879723697095156,1.0
1068,40.0,70.0,1068.0,-0.3965510906384726,-1.11317490355327,1.0
1069,42.5,70.0,1069.0,-0.4892025358833106,-1.4924238930015767,1.0
1070,45.0,70.0,1070.0,-0.5330719445515916,-1.1314635134787967,1.0
1071,47.5,70.0,1071.0,-0.6083714068252735,-0.34212135696860885,1.0
1072,50.0,70.0,1072.0,-0.6441172224304026,-0.03620343274713262,1.0
1073,52.5,70.0,1073.0,-0.7023098910925274,-0.0484455240338766,1.0
1074,55.0,70.0,1074.0,-0.7298700060176175,0.05554848803612039,1.0
1075,57.5,70.0,1075.0,-0.7707778436220153,0.0877138269415925,1.0
1076,60.0,70.0,1076.0,-0.7902668561053011,-0.0313291122207926,1.0
1077,62.5,70.0,1077.0,-0.8140038869329684,-0.16036462694298337,1.0
1078,65.0,70.0,1078.0,-0.8251575460631586,0.3042205255175658,1.0
1079,67.5,70.0,1079.0,-0.8314920575556555,0.6159569634270833,1.0
1080,70.0,70.0,1080.0,-0.8346415555631689,0.4790377394930172,1.0
1081,72.5,70.0,1081.0,-0.8239290940031572,0.0785138638775491,1.0
1082,75.0,70.0,1082.0,-0.8188374646848126,0.11496397258983752,1.0
1083,77.5,70.0,1083.0,-0.7907002237686663,0.31409483940180977,1.0
1084,80.0,70.0,1084.0,-0.7774514416906392,0.29580900210678934,1.0
1085,82.5,70.0,1085.0,-0.7322100179209574,0.12478920278240377,1.0
1086,85.0,70.0,1086.0,-0.7108520492004887,-0.04186086958177151,1.0
1087,87.5,70.0,1087.0,-0.6484941342665043,-0.16516719245937378,1.0
1088,90.0,70.0,1088.0,-0.6187974612795405,0.13829218302101273,1.0
1089,92.5,70.0,1089.0,-0.5414821314859422,0.40979401588882114,1.0
1090,95.0,70.0,1090.0,-0.5036048675824706,0.3338671456941955,1.0
1091,97.5,70.0,1091.0,-0.453819097959813,0.11209001559554982,1.0
1092,2.5,72.5,1092.0,1.64591383083784,0.824073963681881,0.0
1093,5.0,72.5,1093.0,1.3146347777991494,0.0986409535910913,1.0
1094,7.5,72.5,1094.0,1.3019496088333502,-1.66262940218559,0.0
1095,10.0,72.5,1095.0,1.0108899736585435,-0.3911361244377768,1.0
1096,12.5,72.5,1096.0,0.9845104076622478,-0.5693063436054809,0.0
1097,15.0,72.5,1097.0,0.71883618793822,-0.09587705640268163,1.0
1098,17.5,72.5,1098.0,0.692828457283563,0.635513817289526,0.0
1099,20.0,72.5,1099.0,0.45080296184528174,-0.03683793854369373,1.0
1100,22.5,72.5,1100.0,0.42570503238774,0.0437220075778579,0.0
1101,25.0,72.5,1101.0,0.2080938026818695,0.23210708534598204,1.0
1102,27.5,72.5,1102.0,0.18442592779951997,0.34801230366130703,0.0
1103,30.0,72.5,1103.0,-0.00911992244680778,1.113900850668904,1.0
1104,32.5,72.5,1104.0,-0.0314435378656106,2.45959354887041,0.0
1105,35.0,72.5,1105.0,-0.20129003372257354,0.6527746555502439,1.0
1106,37.5,72.5,1106.0,-0.222737796663093,-0.818380324399669,0.0
1107,40.0,72.5,1107.0,-0.36815423729031926,-1.1351952945709214,1.0
1108,42.5,72.5,1108.0,-0.38799115971930603,-2.11320011492914,0.0
1109,45.0,72.5,1109.0,-0.5091661793605485,-0.9611027211895415,1.0
1110,47.5,72.5,1110.0,-0.527193849823261,0.273695272430415,0.0
1111,50.0,72.5,1111.0,-0.6248015760321858,-0.168134376512523,1.0
1112,52.5,72.5,1112.0,-0.642015509989464,-0.687596841243412,0.0
1113,55.0,72.5,1113.0,-0.715078975608382,-0.029347799467541937,1.0
1114,57.5,72.5,1114.0,-0.730421627320285,0.446041052961866,0.0
1115,60.0,72.5,1115.0,-0.7800028700895419,-0.0940647166101829,1.0
1116,62.5,72.5,1116.0,-0.7945441364671401,-0.812384723790597,0.0
1117,65.0,72.5,1117.0,-0.8194172104518334,0.4318967237092418,1.0
1118,67.5,72.5,1118.0,-0.831888425240244,2.2120554803351404,0.0
1119,70.0,72.5,1119.0,-0.8334032859812923,0.6523716151110721,1.0
1120,72.5,72.5,1120.0,-0.845065297544236,-0.12370597157742999,0.0
1121,75.0,72.5,1121.0,-0.822212263120352,-0.01869376034765712,1.0
1122,77.5,72.5,1122.0,-0.832529235600888,-0.477335506030052,0.0
1123,80.0,72.5,1123.0,-0.7854300403857561,0.018219209354868586,1.0
1124,82.5,72.5,1124.0,-0.794259282947629,-0.166261491486608,0.0
1125,85.0,72.5,1125.0,-0.7232140678350492,0.12281260657621629,1.0
1126,87.5,72.5,1126.0,-0.7302548548396659,0.8625633836264309,0.0
1127,90.0,72.5,1127.0,-0.6361344203767297,0.268564575055942,1.0
1128,92.5,72.5,1128.0,-0.641643520011996,0.0973404852028189,0.0
1129,95.0,72.5,1129.0,-0.5336776718787943,-0.13450501536598097,1.0
1130,97.5,72.5,1130.0,-0.5278387423537501,-1.6256167392112901,0.0
1131,2.5,75.0,1131.0,1.65819527471884,0.30603138314883815,1.0
1132,5.0,75.0,1132.0,1.596770292768315,0.05362304967863626,1.0
1133,7.5,75.0,1133.0,1.3740271403921076,-0.22825187113831685,1.0
1134,10.0,75.0,1134.0,1.2699572889633848,-0.3420151101387579,1.0
1135,12.5,75.0,1135.0,1.0573338825110554,-0.2718687443424269,1.0
1136,15.0,75.0,1136.0,0.9568516251410174,0.0787541212376567,1.0
1137,17.5,75.0,1137.0,0.760888898665244,0.26332501703904965,1.0
1138,20.0,75.0,1138.0,0.6679671965394441,0.24905373632971847,1.0
1139,22.5,75.0,1139.0,0.4890043122782067,0.06831445274219894,1.0
1140,25.0,75.0,1140.0,0.40422250892957967,0.0812993144911989,1.0
1141,27.5,75.0,1141.0,0.24265514549152106,0.3434864437572219,1.0
1142,30.0,75.0,1142.0,0.16610989876134793,0.7815792129468488,1.0
1143,32.5,75.0,1143.0,0.021748954764475407,1.098043546828188,1.0
1144,35.0,75.0,1144.0,-0.04676203690905245,0.8112240882882399,1.0
1145,37.5,75.0,1145.0,-0.17405645632971448,0.1006733523287255,1.0
1146,40.0,75.0,1146.0,-0.23452105447478877,-0.7032590404712185,1.0
1147,42.5,75.0,1147.0,-0.3445362261255457,-1.2318305338385724,1.0
1148,45.0,75.0,1148.0,-0.396551461742681,-0.8853868534007482,1.0
1149,47.5,75.0,1149.0,-0.48905718452066715,-0.35488324070360144,1.0
1150,50.0,75.0,1150.0,-0.5330013742909333,-0.1735614820207879,1.0
1151,52.5,75.0,1151.0,-0.6084529411312656,-0.22592053609885224,1.0
1152,55.0,75.0,1152.0,-0.644229834078648,-0.22111782647148104,1.0
1153,57.5,75.0,1153.0,-0.7023551975567972,-0.13148198866365796,1.0
1154,60.0,75.0,1154.0,-0.7300740478393948,-0.3975283984621119,1.0
1155,62.5,75.0,1155.0,-0.7710232079526772,-0.38128809521856,1.0
1156,65.0,75.0,1156.0,-0.7904042779900561,-0.035801988312457254,1.0
1157,67.5,75.0,1157.0,-0.8139176225152784,0.5259579753744357,1.0
1158,70.0,75.0,1158.0,-0.8251273062014975,0.5371258108808992,1.0
1159,72.5,75.0,1159.0,-0.8315644891724695,0.32678108281597584,1.0
1160,75.0,75.0,1160.0,-0.8347656176241092,-0.020411515218303384,1.0
1161,77.5,75.0,1161.0,-0.8240290568045691,-0.1829088456849592,1.0
1162,80.0,75.0,1162.0,-0.8190184484878357,-0.3349161832559539,1.0
1163,82.5,75.0,1163.0,-0.7909153575105403,-0.22900673366335958,1.0
1164,85.0,75.0,1164.0,-0.7775651642088782,-0.005227287494424036,1.0
1165,87.5,75.0,1165.0,-0.7322521962968552,0.2824259194500524,1.0
1166,90.0,75.0,1166.0,-0.7109164222860765,0.07293274128533182,1.0
1167,92.5,75.0,1167.0,-0.6506986205041714,-0.18647628978624767,1.0
1168,95.0,75.0,1168.0,-0.6210387831264149,-0.3400163363388966,1.0
1169,97.5,75.0,1169.0,-0.5809520683503693,-0.2635660786698744,1.0
1170,2.5,77.5,1170.0,2.0140372155195303,-0.0046207678264578,0.0
1171,5.0,77.5,1171.0,1.6577841944599947,0.17740479230495093,1.0
1172,7.5,77.5,1172.0,1.64589104890118,0.760242167662055,0.0
1173,10.0,77.5,1173.0,1.3299369830201215,-0.008580529016976816,1.0
1174,12.5,77.5,1174.0,1.3024755543328799,0.0389909128725626,0.0
1175,15.0,77.5,1175.0,1.012535044353667,0.1688546896842566,1.0
1176,17.5,77.5,1176.0,0.985125261118138,0.735072141614441,0.0
1177,20.0,77.5,1177.0,0.7190876473075462,0.2338585441453076,1.0
1178,22.5,77.5,1178.0,0.6924525679366981,-0.14647262699887,0.0
1179,25.0,77.5,1179.0,0.45079758902588996,0.05774804972209343,1.0
1180,27.5,77.5,1180.0,0.42565341049344396,-0.0578873353812826,0.0
1181,30.0,77.5,1181.0,0.20813115572136187,0.5295182668511018,1.0
1182,32.5,77.5,1182.0,0.184488369096021,0.4823694661045329,0.0
1183,35.0,77.5,1183.0,-0.0091838692883609,0.697050818065084,1.0
1184,37.5,77.5,1184.0,-0.031338177063534,0.9929436367757339,0.0
1185,40.0,77.5,1185.0,-0.2014600827552698,-0.4175736166474743,1.0
1186,42.5,77.5,1186.0,-0.22284849978276602,-1.24639549803204,0.0
1187,45.0,77.5,1187.0,-0.36811324556326375,-0.7503967301641143,1.0
1188,47.5,77.5,1188.0,-0.38757285564465904,-0.0334875248456097,0.0
1189,50.0,77.5,1189.0,-0.5090903250645776,-0.1717629929837695,1.0
1190,52.5,77.5,1190.0,-0.527367269735363,-0.0709621812499963,0.0
1191,55.0,77.5,1191.0,-0.6248895846378406,-0.2816806372429875,1.0
1192,57.5,77.5,1192.0,-0.642042680687129,-0.7589206537309499,0.0
1193,60.0,77.5,1193.0,-0.7153145817902947,-0.540715699402886,1.0
1194,62.5,77.5,1194.0,-0.731077774915476,-1.03435936093915,0.0
1195,65.0,77.5,1195.0,-0.7801795592572907,-0.31124468461331006,1.0
1196,67.5,77.5,1196.0,-0.794474912912966,-0.6307319539708189,0.0
1197,70.0,77.5,1197.0,-0.819419724763436,0.26918812702269734,1.0
1198,72.5,77.5,1198.0,-0.8320142930149691,0.586807720012995,0.0
1199,75.0,77.5,1199.0,-0.8335163167815713,0.05878915714841124,1.0
1200,77.5,77.5,1200.0,-0.84520812729174,-0.41632265618365205,0.0
1201,80.0,77.5,1201.0,-0.8223651875982234,-0.38960844565864916,1.0
1202,82.5,77.5,1202.0,-0.832654947896432,-0.7848878095053209,0.0
1203,85.0,77.5,1203.0,-0.7854960280273316,-0.11465591834539102,1.0
1204,87.5,77.5,1204.0,-0.794092474223953,0.16341631948609697,0.0
1205,90.0,77.5,1205.0,-0.7238161562556633,-0.18088310893482332,1.0
1206,92.5,77.5,1206.0,-0.7311210679672601,-1.23671423510935,0.0
1207,95.0,77.5,1207.0,-0.6450127231981467,-0.19617983273353973,1.0
1208,97.5,77.5,1208.0,-0.6412530760425179,1.04587377623667,0.0
1209,2.5,80.0,1209.0,2.026512222583722,-0.10393713058007197,1.0
1210,5.0,80.0,1210.0,1.9610125100983096,0.08893707617040537,1.0
1211,7.5,80.0,1211.0,1.7217519715666794,0.24142646376021992,1.0
1212,10.0,80.0,1212.0,1.60995956530999,0.21203569308891648,1.0
1213,12.5,80.0,1213.0,1.3800947719403898,0.09246141964074642,1.0
1214,15.0,80.0,1214.0,1.2713754938975272,0.18102413775008963,1.0
1215,17.5,80.0,1215.0,1.0581158131263357,0.2637137688615306,1.0
1216,20.0,80.0,1216.0,0.9570858627680666,0.4825522001964729,1.0
1217,22.5,80.0,1217.0,0.7609403870406164,0.4874136419015748,1.0
1218,25.0,80.0,1218.0,0.6678792513639275,0.22080930242940677,1.0
1219,27.5,80.0,1219.0,0.48892293842533163,-0.01502793469772512,1.0
1220,30.0,80.0,1220.0,0.40424916084767376,0.209852492999112,1.0
1221,32.5,80.0,1221.0,0.24276612444090895,0.6128522992495642,1.0
1222,35.0,80.0,1222.0,0.16619114821229986,0.660376643329358,1.0
1223,37.5,80.0,1223.0,0.021695531073210032,0.39287413381518893,1.0
1224,40.0,80.0,1224.0,-0.04697056181466632,-0.18029732697367803,1.0
1225,42.5,80.0,1225.0,-0.1743066337073038,-0.6859737954248052,1.0
1226,45.0,80.0,1226.0,-0.2345639454694828,-0.603370500464967,1.0
1227,47.5,80.0,1227.0,-0.34434840624806684,-0.32555627949499455,1.0
1228,50.0,80.0,1228.0,-0.3963318495356338,0.012706509903597433,1.0
1229,52.5,80.0,1229.0,-0.48897792199924,0.04701447708786224,1.0
1230,55.0,80.0,1230.0,-0.5330048470020702,-0.1238826737530347,1.0
1231,57.5,80.0,1231.0,-0.6085585476094797,-0.4261436797048924,1.0
1232,60.0,80.0,1232.0,-0.6444303555144393,-0.6596233938943232,1.0
1233,62.5,80.0,1233.0,-0.7026099551263385,-0.6636050748086252,1.0
1234,65.0,80.0,1234.0,-0.7301588762325523,-0.5432098671295776,1.0
1235,67.5,80.0,1235.0,-0.7709593248390592,-0.21264685438862285,1.0
1236,70.0,80.0,1236.0,-0.7901970722031001,0.19232966510049077,1.0
1237,72.5,80.0,1237.0,-0.8137796066844392,0.4191423028926787,1.0
1238,75.0,80.0,1238.0,-0.825100333516145,0.2605925057295097,1.0
1239,77.5,80.0,1239.0,-0.8317045991705424,-0.11200155472731085,1.0
1240,80.0,80.0,1240.0,-0.8349613649336419,-0.5272175590511411,1.0
1241,82.5,80.0,1241.0,-0.8241959650871022,-0.6406792572240484,1.0
1242,85.0,80.0,1242.0,-0.8191213479928466,-0.6784181872539605,1.0
1243,87.5,80.0,1243.0,-0.7910624764484347,-0.4234433598846876,1.0
1244,90.0,80.0,1244.0,-0.7779011595867522,-0.6254492689826773,1.0
1245,92.5,80.0,1245.0,-0.7344759027781291,-0.6015243541676659,1.0
1246,95.0,80.0,1246.0,-0.7128812920911033,-0.3806746827043805,1.0
1247,97.5,80.0,1247.0,-0.6825109167523776,-0.014522216143927028,1.0
1248,2.5,82.5,1248.0,2.40771525777164,-0.484595416218709,0.0
1249,5.0,82.5,1249.0,2.026225416674828,-0.013808039037498138,1.0
1250,7.5,82.5,1250.0,2.01413512135379,0.189128811680665,0.0
1251,10.0,82.5,1251.0,1.674301628571228,0.1572117439491042,1.0
1252,12.5,82.5,1252.0,1.64556671268529,0.0510063315749732,0.0
1253,15.0,82.5,1253.0,1.3315216821208686,0.11759299778817958,1.0
1254,17.5,82.5,1254.0,1.3024556189548,-0.000240668886441977,0.0
1255,20.0,82.5,1255.0,1.0127751900109403,0.6085641969032013,1.0
1256,22.5,82.5,1256.0,0.9852782681648811,1.8093820424428702,0.0
1257,25.0,82.5,1257.0,0.7190348261033583,0.33544981899323634,1.0
1258,27.5,82.5,1258.0,0.692153285522035,-0.825327957109945,0.0
1259,30.0,82.5,1259.0,0.4508474630127597,0.22556387053379917,1.0
1260,32.5,82.5,1260.0,0.426145805827849,1.14547045222799,0.0
1261,35.0,82.5,1261.0,0.20821344916303658,0.5686293432350688,1.0
1262,37.5,82.5,1262.0,0.18426863626091503,0.0315731875532431,0.0
1263,40.0,82.5,1263.0,-0.00949076136167963,-0.25540592126735423,1.0
1264,42.5,82.5,1264.0,-0.0321407786205531,-0.83520580530672,0.0
1265,45.0,82.5,1265.0,-0.2015522847087515,-0.5037740059415998,1.0
1266,47.5,82.5,1266.0,-0.22240165949835103,-0.0687636490165125,0.0
1267,50.0,82.5,1267.0,-0.3678540836608154,0.08243454909848394,1.0
1268,52.5,82.5,1268.0,-0.387210581022785,0.7467716870124671,0.0
1269,55.0,82.5,1269.0,-0.5090585883127277,-0.03635178475044034,1.0
1270,57.5,82.5,1270.0,-0.527541043930064,-0.42551873439460397,0.0
1271,60.0,82.5,1271.0,-0.6250374812669027,-0.5893946235991804,1.0
1272,62.5,82.5,1272.0,-0.642047504154192,-0.772082235193457,0.0
1273,65.0,82.5,1273.0,-0.7152678422762386,-0.40775598495447757,1.0
1274,67.5,82.5,1274.0,-0.7305635510290509,0.152764106747895,0.0
1275,70.0,82.5,1275.0,-0.7798500362829537,0.30803721310624815,1.0
1276,72.5,82.5,1276.0,-0.793750626659119,0.9885968451787991,0.0
1277,75.0,82.5,1277.0,-0.8193336393390555,0.29657435288030054,1.0
1278,77.5,82.5,1278.0,-0.832333030665032,-0.07345833467217401,0.0
1279,80.0,82.5,1279.0,-0.83373945136724,-0.5480766518468829,1.0
1280,82.5,82.5,1280.0,-0.8455022969798821,-1.38702655355974,0.0
1281,85.0,82.5,1281.0,-0.8225336924501289,-0.8872486524595594,1.0
1282,87.5,82.5,1282.0,-0.832786375742379,-1.3066759043753602,0.0
1283,90.0,82.5,1283.0,-0.7861508642877035,-0.745097642497666,1.0
1284,92.5,82.5,1284.0,-0.794528406882823,-0.7683953250779391,0.0
1285,95.0,82.5,1285.0,-0.7310586188364352,-0.45844494069367403,1.0
1286,97.5,82.5,1286.0,-0.7308965756777429,-0.527108125374458,0.0
1287,2.5,85.0,1287.0,2.420402667755746,-0.17327684009927724,1.0
1288,5.0,85.0,1288.0,2.3506689432312893,0.027753253713306336,1.0
1289,7.5,85.0,1289.0,2.0947197953684187,0.20615676826037185,1.0
1290,10.0,85.0,1290.0,1.9751361122729545,0.13989744798149817,1.0
1291,12.5,85.0,1291.0,1.7280703368596761,0.006218296544269619,1.0
1292,15.0,85.0,1292.0,1.6110874273427023,-0.22898664414404615,1.0
1293,17.5,85.0,1293.0,1.3805849166433704,-0.12338998033039147,1.0
1294,20.0,85.0,1294.0,1.2714873944485736,0.29792363361581464,1.0
1295,22.5,85.0,1295.0,1.0582642773715327,0.7316851373667246,1.0
1296,25.0,85.0,1296.0,0.9570665001502549,0.48895866755182943,1.0
1297,27.5,85.0,1297.0,0.760804942079644,0.10002027374170219,1.0
1298,30.0,85.0,1298.0,0.6679777215891288,0.34642177959131293,1.0
1299,32.5,85.0,1299.0,0.4892353274150894,0.6886865030005822,1.0
1300,35.0,85.0,1300.0,0.4043388542266137,0.31820428265889394,1.0
1301,37.5,85.0,1301.0,0.2425015774998009,-0.20389599345968165,1.0
1302,40.0,85.0,1302.0,0.16576888328981434,-0.476349383843983,1.0
1303,42.5,85.0,1303.0,0.021376395069822817,-0.3966832054929565,1.0
1304,45.0,85.0,1304.0,-0.04694817186155246,-0.06062428048670739,1.0
1305,47.5,85.0,1305.0,-0.17400476397824724,0.16052690151926682,1.0
1306,50.0,85.0,1306.0,-0.2341281173998059,0.49975086387329065,1.0
1307,52.5,85.0,1307.0,-0.344056273294601,0.40335582318343405,1.0
1308,55.0,85.0,1308.0,-0.39630471108641263,0.09664632766166897,1.0
1309,57.5,85.0,1309.0,-0.4891747216955068,-0.3574343281693536,1.0
1310,60.0,85.0,1310.0,-0.5331206429156202,-0.374075710058732,1.0
1311,62.5,85.0,1311.0,-0.6084929586357165,-0.28215601340748664,1.0
1312,65.0,85.0,1312.0,-0.6442408692811153,-0.24143808500605415,1.0
1313,67.5,85.0,1313.0,-0.7024008671790447,-0.21206392402072033,1.0
1314,70.0,85.0,1314.0,-0.7299184415028699,-0.01466502336913065,1.0
1315,72.5,85.0,1315.0,-0.7707432549250368,0.22502917531328484,1.0
1316,75.0,85.0,1316.0,-0.7901213081696845,0.36181313434991624,1.0
1317,77.5,85.0,1317.0,-0.8138462392259379,0.24487735586804799,1.0
1318,80.0,85.0,1318.0,-0.8252609874980111,-0.14438253622862465,1.0
1319,82.5,85.0,1319.0,-0.8318955136913118,-0.6513759411769773,1.0
1320,85.0,85.0,1320.0,-0.8349645046532403,-0.6156543697327133,1.0
1321,87.5,85.0,1321.0,-0.824212689205579,-0.5452260848199726,1.0
1322,90.0,85.0,1322.0,-0.8191246687080297,-0.47134608676411194,1.0
1323,92.5,85.0,1323.0,-0.7926608451900482,-0.546902340762512,1.0
1324,95.0,85.0,1324.0,-0.7793782575719365,-0.6947401409059436,1.0
1325,97.5,85.0,1325.0,-0.7590042209238586,-0.8141639029304963,1.0
1326,2.5,87.5,1326.0,2.8272673288207697,-0.0214270650416246,0.0
1327,5.0,87.5,1327.0,2.4202653204374363,0.14194083756581166,1.0
1328,7.5,87.5,1328.0,2.40826786701096,0.670498070996282,0.0
1329,10.0,87.5,1329.0,2.04400393203201,0.11763070904200293,1.0
1330,12.5,87.5,1330.0,2.01382554864804,-0.4346170385724071,0.0
1331,15.0,87.5,1331.0,1.6757305788562658,-0.37893102996308503,1.0
1332,17.5,87.5,1332.0,1.6450846647875401,-1.1138797833128502,0.0
1333,20.0,87.5,1333.0,1.3316333922761854,0.07988900044355951,1.0
1334,22.5,87.5,1334.0,1.3027457081299099,0.6071059948785,0.0
1335,25.0,87.5,1335.0,1.0127608126682306,0.4406454084556694,1.0
1336,27.5,87.5,1336.0,0.984922635609812,0.275456968739591,0.0
1337,30.0,87.5,1337.0,0.7191865648352694,0.5135865188975857,1.0
1338,32.5,87.5,1338.0,0.6929921974826729,1.15734706941474,0.0
1339,35.0,87.5,1339.0,0.45084913316685915,0.05557220042725493,1.0
1340,37.5,87.5,1340.0,0.42517770921011894,-1.6824808594782599,0.0
1341,40.0,87.5,1341.0,0.20782429636396818,-0.5344180706760013,1.0
1342,42.5,87.5,1342.0,0.18429691675028398,0.0873190888948744,0.0
1343,45.0,87.5,1343.0,-0.009309448836291761,0.22878007967542943,1.0
1344,47.5,87.5,1344.0,-0.0312676201617659,1.35336189394267,0.0
1345,50.0,87.5,1345.0,-0.20109735418225821,0.6282338566404061,1.0
1346,52.5,87.5,1346.0,-0.22202999607687102,0.724173800683369,0.0
1347,55.0,87.5,1347.0,-0.3678994972069637,0.00683775951898129,1.0
1348,57.5,87.5,1348.0,-0.38793178388142696,-0.832552825764212,0.0
1349,60.0,87.5,1349.0,-0.5091422859387799,-0.22273807812627405,1.0
1350,62.5,87.5,1350.0,-0.526991322565629,0.7325284867684141,0.0
1351,65.0,87.5,1351.0,-0.6248416109374741,-0.175011281132612,1.0
1352,67.5,87.5,1352.0,-0.642082037025865,-0.871926869997213,0.0
1353,70.0,87.5,1353.0,-0.7152016262948004,-0.26540483066071446,1.0
1354,72.5,87.5,1354.0,-0.7308635308411859,-0.453397511229793,0.0
1355,75.0,87.5,1355.0,-0.7798556199501047,0.31317128658610727,1.0
1356,77.5,87.5,1356.0,-0.7937037665886779,1.1875342786290801,0.0
1357,80.0,87.5,1357.0,-0.8194295294330471,0.06930156906028943,1.0
1358,82.5,87.5,1358.0,-0.832441140161297,-0.29014531179007896,0.0
1359,85.0,87.5,1359.0,-0.8336283713211742,-0.2547711125108612,1.0
1360,87.5,87.5,1360.0,-0.8446280088944431,0.8285461449654359,0.0
1361,90.0,87.5,1361.0,-0.82261357584667,-0.20523121523206594,1.0
1362,92.5,87.5,1362.0,-0.83244166723525,-0.29122770877916904,0.0
1363,95.0,87.5,1363.0,-0.7916336845060824,-0.7846792996252062,1.0
1364,97.5,87.5,1364.0,-0.7946834316093192,-1.57636240474791,0.0
1365,2.5,90.0,1365.0,2.8397230994925056,-0.24276730814157832,1.0
1366,5.0,90.0,1366.0,2.7656646971118417,-0.23151517058787188,1.0
1367,7.5,90.0,1367.0,2.4930059468564636,-0.07799308298819507,1.0
1368,10.0,90.0,1368.0,2.3656077678542107,-0.21621529576611506,1.0
1369,12.5,90.0,1369.0,2.1013766444556494,-0.27928464527535546,1.0
1370,15.0,90.0,1370.0,1.9762674436046692,-0.5045523795417407,1.0
1371,17.5,90.0,1371.0,1.7285175819034921,-0.4507570802767379,1.0
1372,20.0,90.0,1372.0,1.611219388856793,-0.22788516132312428,1.0
1373,22.5,90.0,1373.0,1.38076449159639,0.14927947035859215,1.0
1374,25.0,90.0,1374.0,1.271498354116127,0.17931378719931046,1.0
1375,27.5,90.0,1375.0,1.058140337574206,0.23315109094346212,1.0
1376,30.0,90.0,1376.0,0.9571402824236372,0.6380827435034405,1.0
1377,32.5,90.0,1377.0,0.7610869632613426,0.8513581147686263,1.0
1378,35.0,90.0,1378.0,0.6678999619690962,0.14800003824117527,1.0
1379,37.5,90.0,1379.0,0.48875564620107037,-0.6798650057542502,1.0
1380,40.0,90.0,1380.0,0.4039266110374526,-0.7683779141678061,1.0
1381,42.5,90.0,1381.0,0.2424432685438756,-0.2803042233962567,1.0
1382,45.0,90.0,1382.0,0.16601125371341816,0.22056901108596136,1.0
1383,47.5,90.0,1383.0,0.021752653822708856,0.5560052738902596,1.0
1384,50.0,90.0,1384.0,-0.046578729115747654,0.8732164365131577,1.0
1385,52.5,90.0,1385.0,-0.17377241465171642,0.7721808238342648,1.0
1386,55.0,90.0,1386.0,-0.23420199834843927,0.39793395330023823,1.0
1387,57.5,90.0,1387.0,-0.3442994733945052,-0.11239945907153008,1.0
1388,60.0,90.0,1388.0,-0.396293654695248,0.14875178798676236,1.0
1389,62.5,90.0,1389.0,-0.48886882698627243,0.3445363247793701,1.0
1390,65.0,90.0,1390.0,-0.5329495303730802,-0.06254636115586516,1.0
1391,67.5,90.0,1391.0,-0.6085825857120459,-0.6038889757400229,1.0
1392,70.0,90.0,1392.0,-0.6442927462530614,-0.39880286633382883,1.0
1393,72.5,90.0,1393.0,-0.7022804194109227,0.1283845207480502,1.0
1394,75.0,90.0,1394.0,-0.729809426812155,0.32191482140779026,1.0
1395,77.5,90.0,1395.0,-0.7707525986301126,0.24027235680361683,1.0
1396,80.0,90.0,1396.0,-0.7902675951175423,0.039995272597312066,1.0
1397,82.5,90.0,1397.0,-0.8140161043117203,-0.14241013361943816,1.0
1398,85.0,90.0,1398.0,-0.8252963944215711,-0.20743837638470575,1.0
1399,87.5,90.0,1399.0,-0.831783441359822,-0.1896626638123274,1.0
1400,90.0,90.0,1400.0,-0.8348587152712369,-0.13885414772135243,1.0
1401,92.5,90.0,1401.0,-0.8252964769670449,-0.25722461098566834,1.0
1402,95.0,90.0,1402.0,-0.8201315180276186,-0.16504760932949183,1.0
1403,97.5,90.0,1403.0,-0.8095619350037627,-0.18518756549276438,1.0
1404,2.5,92.5,1404.0,3.2716366492193103,-0.848815696948922,0.0
1405,5.0,92.5,1405.0,2.839371662074038,-0.4979222241247535,1.0
1406,7.5,92.5,1406.0,2.8268279176900695,-1.0885198619572,0.0
1407,10.0,92.5,1407.0,2.438906734348823,-0.42926069142080775,1.0
1408,12.5,92.5,1408.0,2.4077153948877204,-0.484290571117173,0.0
1409,15.0,92.5,1409.0,2.045549778968866,-0.41103917704411597,1.0
1410,17.5,92.5,1410.0,2.0138718299928002,-0.336311209009573,0.0
1411,20.0,92.5,1411.0,1.6759672896800608,-0.20380637418249742,1.0
1412,22.5,92.5,1412.0,1.6454631560508302,-0.15335789066164401,0.0
1413,25.0,92.5,1413.0,1.3316399319958285,0.03302784585297493,1.0
1414,27.5,92.5,1414.0,1.3023333206415901,-0.24324722857484601,0.0
1415,30.0,92.5,1415.0,1.01279350845981,0.6743093524481586,1.0
1416,32.5,92.5,1416.0,0.985266638398274,1.8922020416001102,0.0
1417,35.0,92.5,1417.0,0.7190072680250184,0.1651393703140483,1.0
1418,37.5,92.5,1418.0,0.6920271302953089,-1.38599833728542,0.0
1419,40.0,92.5,1419.0,0.45052612469633446,-0.7058739562623026,1.0
1420,42.5,92.5,1420.0,0.425477967403965,-0.41482430070778004,0.0
1421,45.0,92.5,1421.0,0.2080223164128819,0.08610545779580304,1.0
1422,47.5,92.5,1422.0,0.184426438580442,0.349081528106831,0.0
1423,50.0,92.5,1423.0,-0.009085709608210962,0.8357852656319846,1.0
1424,52.5,92.5,1424.0,-0.0312564966767416,1.62844226581541,0.0
1425,55.0,92.5,1425.0,-0.20117043693366368,0.5549358959183999,1.0
1426,57.5,92.5,1426.0,-0.22232180159691603,0.0885218957136163,0.0
1427,60.0,92.5,1427.0,-0.36777180349343447,0.3417122515617557,1.0
1428,62.5,92.5,1428.0,-0.387075260794231,1.23915070840056,0.0
1429,65.0,92.5,1429.0,-0.509062865558928,-0.1454607678939336,1.0
1430,67.5,92.5,1430.0,-0.5278381239290101,-1.64455553575371,0.0
1431,70.0,92.5,1431.0,-0.6248364898041002,-0.21450126634020633,1.0
1432,72.5,92.5,1432.0,-0.641188573715461,1.44635652537848,0.0
1433,75.0,92.5,1433.0,-0.7149991337870458,0.28927361053455086,1.0
1434,77.5,92.5,1434.0,-0.730964650366578,-0.690560171665183,0.0
1435,80.0,92.5,1435.0,-0.7800629667902987,-0.16582675226750884,1.0
1436,82.5,92.5,1436.0,-0.7943138855255408,-0.27643108545385203,0.0
1437,85.0,92.5,1437.0,-0.819632136386781,-0.3850722038339527,1.0
1438,87.5,92.5,1438.0,-0.832750856315251,-1.10941875989944,0.0
1439,90.0,92.5,1439.0,-0.8339248463778679,-0.31225817319786725,1.0
1440,92.5,92.5,1440.0,-0.8449347419759851,0.133869316429452,0.0
1441,95.0,92.5,1441.0,-0.8263447555692884,0.2623497164706155,1.0
1442,97.5,92.5,1442.0,-0.8317991058720309,1.7853390517315502,0.0
1443,2.5,95.0,1443.0,3.2845049822263697,0.35847514472597136,1.0
1444,5.0,95.0,1444.0,3.206069740042833,-0.12190803086195408,1.0
1445,7.5,95.0,1445.0,2.9165493295634426,-0.6428879420966251,1.0
1446,10.0,95.0,1446.0,2.781514262282761,-0.5393078097178529,1.0
1447,12.5,95.0,1447.0,2.500240354806646,-0.27559142777937007,1.0
1448,15.0,95.0,1448.0,2.367224142290797,0.06120507736619285,1.0
1449,17.5,95.0,1449.0,2.102212986495243,0.09971401117485931,1.0
1450,20.0,95.0,1450.0,1.976651317312194,0.09985057646348185,1.0
1451,22.5,95.0,1451.0,1.7287324890298905,-0.08398853196244574,1.0
1452,25.0,95.0,1452.0,1.6112567386004664,-0.14356623672278598,1.0
1453,27.5,95.0,1453.0,1.3806908566943632,0.020469787059458112,1.0
1454,30.0,95.0,1454.0,1.2714697209404162,0.30346353338003734,1.0
1455,32.5,95.0,1455.0,1.0581680706995718,0.5460672686391819,1.0
1456,35.0,95.0,1456.0,0.9569738000379134,0.251744185472153,1.0
1457,37.5,95.0,1457.0,0.7607209596379086,-0.21543120273001568,1.0
1458,40.0,95.0,1458.0,0.66780834372371,-0.12114427700971915,1.0
1459,42.5,95.0,1459.0,0.4889724314821332,0.04833846692635224,1.0
1460,45.0,95.0,1460.0,0.4043219961958651,0.35895838736282154,1.0
1461,47.5,95.0,1461.0,0.24273809194059437,0.4635100800274806,1.0
1462,50.0,95.0,1462.0,0.16620671836877332,0.7141044858531064,1.0
1463,52.5,95.0,1463.0,0.021821328600943813,0.810691185503174,1.0
1464,55.0,95.0,1464.0,-0.046738313052812626,0.516818221911718,1.0
1465,57.5,95.0,1465.0,-0.17398347892837743,0.24002366786564577,1.0
1466,60.0,95.0,1466.0,-0.23419852965335533,0.3509812138870443,1.0
1467,62.5,95.0,1467.0,-0.3440464506084123,0.456946418302675,1.0
1468,65.0,95.0,1468.0,-0.39632796668953924,-0.024184568217202652,1.0
1469,67.5,95.0,1469.0,-0.4891773503372237,-0.5156478112243618,1.0
1470,70.0,95.0,1470.0,-0.5330555294099016,-0.2928569182489662,1.0
1471,72.5,95.0,1471.0,-0.6083102119371164,0.18980308953732306,1.0
1472,75.0,95.0,1472.0,-0.6440291082092785,0.34202166554327623,1.0
1473,77.5,95.0,1473.0,-0.7022593211267194,0.17428435905137302,1.0
1474,80.0,95.0,1474.0,-0.7298775077315552,0.09666548015922832,1.0
1475,82.5,95.0,1475.0,-0.7708619945067949,-0.057730294643454826,1.0
1476,85.0,95.0,1476.0,-0.7903393657278691,-0.19093716027096277,1.0
1477,87.5,95.0,1477.0,-0.8141402100681635,-0.3513340006352222,1.0
1478,90.0,95.0,1478.0,-0.8253714560332682,-0.27562216310541393,1.0
1479,92.5,95.0,1479.0,-0.8326000071771407,-0.08945379175174634,1.0
1480,95.0,95.0,1480.0,-0.83544961190331,0.46125492316820593,1.0
1481,97.5,95.0,1481.0,-0.8345470745601876,0.8599941482138135,1.0
1482,2.5,97.5,1482.0,3.7425066353857597,2.4221633552515898,0.0
1483,5.0,97.5,1483.0,3.284240256175971,0.18780272498011436,1.0
1484,7.5,97.5,1484.0,3.2715705936614503,-1.07682890211841,0.0
1485,10.0,97.5,1485.0,2.859478028771872,-0.4097349942618318,1.0
1486,12.5,97.5,1486.0,2.82751560354506,0.485941110403099,0.0
1487,15.0,97.5,1487.0,2.441128995736287,0.3519581019818142,1.0
1488,17.5,97.5,1488.0,2.40845189154369,1.38852173874429,0.0
1489,20.0,97.5,1489.0,2.045997886898312,0.2616881954271283,1.0
1490,22.5,97.5,1490.0,2.01394075011054,-0.19565681728454395,0.0
1491,25.0,97.5,1491.0,1.6760103236418762,-0.12418331932330573,1.0
1492,27.5,97.5,1492.0,1.6454307837741202,-0.218174797706211,0.0
1493,30.0,97.5,1493.0,1.3316125299565624,0.06940956736520426,1.0
1494,32.5,97.5,1494.0,1.30230321767434,-0.304777954546445,0.0
1495,35.0,97.5,1495.0,1.0126473046369404,0.17508700418926343,1.0
1496,37.5,97.5,1496.0,0.985070475134968,0.5978327241114431,0.0
1497,40.0,97.5,1497.0,0.719119923030499,0.3414050244227641,1.0
1498,42.5,97.5,1498.0,0.6930274051737749,1.3974294108157599,0.0
1499,45.0,97.5,1499.0,0.45101306858287227,0.5911712212744755,1.0
1500,47.5,97.5,1500.0,0.426005418121994,0.687619761239963,0.0
1501,50.0,97.5,1501.0,0.20823682497737353,0.5992227053841386,1.0
1502,52.5,97.5,1502.0,0.184412567854562,0.32018801429696897,0.0
1503,55.0,97.5,1503.0,-0.00928058701814891,0.31717023276004913,1.0
1504,57.5,97.5,1504.0,-0.0319150395650603,-0.301869925777261,0.0
1505,60.0,97.5,1505.0,-0.20125345845946369,0.24888601196721058,1.0
1506,62.5,97.5,1506.0,-0.222123793542113,0.4983486855579489,0.0
1507,65.0,97.5,1507.0,-0.36789937337636586,-0.026814838699539312,1.0
1508,67.5,97.5,1508.0,-0.387821305704541,-0.5495369179167561,0.0
1509,70.0,97.5,1509.0,-0.5091671460715713,-0.2894990122980008,1.0
1510,72.5,97.5,1510.0,-0.527471332969074,-0.27925650363724297,0.0
1511,75.0,97.5,1511.0,-0.6246621441445168,0.30467321072129183,1.0
1512,77.5,97.5,1512.0,-0.641240746480396,1.0965134431117298,0.0
1513,80.0,97.5,1513.0,-0.7149326091890529,0.3503492151715375,1.0
1514,82.5,97.5,1514.0,-0.7304234760997991,0.442013088178811,0.0
1515,85.0,97.5,1515.0,-0.7799637783871349,0.016605585331056643,1.0
1516,87.5,97.5,1516.0,-0.7940538455330479,0.241016294026112,0.0
1517,90.0,97.5,1517.0,-0.8197179509481829,-0.14620026336435768,1.0
1518,92.5,97.5,1518.0,-0.832424235929294,-0.255607655355518,0.0
1519,95.0,97.5,1519.0,-0.8359231508932107,0.38144410515192745,1.0
1520,97.5,97.5,1520.0,-0.844594824896121,0.931032901484882,0.0
